customer_id,churn_30d
100001,1
100002,0
100003,0
100004,0
100005,0
100006,0
100007,0
100008,0
100009,0
100010,0
100011,0
100012,0
100013,0
100014,0
100015,1
100016,0
100017,0
100018,0
100019,1
100020,0
100021,0
100022,0
100023,0
100024,1
100025,0
100026,0
100027,0
100028,0
100029,1
100030,0
100031,0
100032,1
100033,0
100034,0
100035,0
100036,0
100037,1
100038,1
100039,0
100040,0
100041,0
100042,0
100043,0
100044,1
100045,0
100046,0
100047,0
100048,0
100049,0
100050,0
100051,0
100052,0
100053,0
100054,1
100055,1
100056,0
100057,0
100058,0
100059,0
100060,0
100061,0
100062,0
100063,0
100064,0
100065,1
100066,0
100067,0
100068,0
100069,1
100070,0
100071,0
100072,1
100073,0
100074,0
100075,0
100076,0
100077,0
100078,0
100079,1
100080,0
100081,0
100082,0
100083,0
100084,0
100085,0
100086,0
100087,0
100088,0
100089,0
100090,0
100091,0
100092,0
100093,1
100094,0
100095,0
100096,0
100097,0
100098,0
100099,0
100100,1
100101,0
100102,0
100103,0
100104,0
100105,0
100106,1
100107,0
100108,1
100109,1
100110,0
100111,0
100112,0
100113,0
100114,1
100115,0
100116,0
100117,0
100118,0
100119,0
100120,0
100121,0
100122,0
100123,0
100124,0
100125,0
100126,0
100127,1
100128,0
100129,0
100130,0
100131,0
100132,0
100133,0
100134,0
100135,0
100136,0
100137,0
100138,0
100139,0
100140,0
100141,0
100142,0
100143,0
100144,0
100145,0
100146,1
100147,0
100148,0
100149,0
100150,0
100151,0
100152,0
100153,0
100154,0
100155,1
100156,0
100157,0
100158,0
100159,0
100160,0
100161,0
100162,0
100163,0
100164,0
100165,0
100166,1
100167,1
100168,0
100169,1
100170,0
100171,0
100172,1
100173,0
100174,0
100175,0
100176,1
100177,0
100178,0
100179,1
100180,0
100181,0
100182,0
100183,0
100184,0
100185,0
100186,1
100187,0
100188,0
100189,0
100190,0
100191,1
100192,0
100193,0
100194,0
100195,0
100196,1
100197,0
100198,0
100199,0
100200,0
100201,0
100202,0
100203,0
100204,0
100205,1
100206,0
100207,0
100208,1
100209,0
100210,0
100211,0
100212,1
100213,0
100214,0
100215,0
100216,0
100217,0
100218,0
100219,0
100220,0
100221,0
100222,0
100223,0
100224,0
100225,0
100226,0
100227,0
100228,0
100229,0
100230,0
100231,1
100232,0
100233,1
100234,1
100235,1
100236,0
100237,0
100238,0
100239,1
100240,0
100241,0
100242,0
100243,1
100244,0
100245,0
100246,0
100247,1
100248,0
100249,0
100250,0
100251,0
100252,0
100253,1
100254,1
100255,0
100256,0
100257,1
100258,0
100259,1
100260,0
100261,0
100262,1
100263,1
100264,0
100265,0
100266,0
100267,1
100268,1
100269,0
100270,1
100271,0
100272,0
100273,1
100274,0
100275,0
100276,0
100277,1
100278,0
100279,0
100280,0
100281,0
100282,1
100283,1
100284,0
100285,0
100286,0
100287,1
100288,0
100289,0
100290,1
100291,0
100292,0
100293,1
100294,0
100295,0
100296,0
100297,0
100298,1
100299,0
100300,0
100301,1
100302,1
100303,0
100304,1
100305,0
100306,0
100307,0
100308,0
100309,0
100310,0
100311,0
100312,0
100313,0
100314,0
100315,0
100316,0
100317,0
100318,0
100319,0
100320,1
100321,0
100322,1
100323,0
100324,1
100325,1
100326,0
100327,1
100328,1
100329,1
100330,1
100331,1
100332,0
100333,0
100334,0
100335,0
100336,0
100337,0
100338,0
100339,1
100340,1
100341,0
100342,0
100343,0
100344,0
100345,1
100346,0
100347,0
100348,0
100349,0
100350,0
100351,0
100352,0
100353,0
100354,1
100355,0
100356,0
100357,0
100358,0
100359,0
100360,0
100361,0
100362,0
100363,0
100364,1
100365,0
100366,0
100367,0
100368,0
100369,0
100370,0
100371,0
100372,0
100373,1
100374,0
100375,0
100376,0
100377,0
100378,0
100379,0
100380,1
100381,0
100382,0
100383,0
100384,0
100385,0
100386,0
100387,0
100388,0
100389,0
100390,0
100391,1
100392,0
100393,0
100394,0
100395,0
100396,1
100397,0
100398,0
100399,0
100400,0
100401,0
100402,0
100403,0
100404,1
100405,0
100406,0
100407,0
100408,0
100409,0
100410,0
100411,0
100412,1
100413,0
100414,0
100415,0
100416,0
100417,1
100418,0
100419,0
100420,1
100421,0
100422,0
100423,0
100424,0
100425,0
100426,0
100427,0
100428,0
100429,1
100430,0
100431,0
100432,1
100433,0
100434,0
100435,0
100436,0
100437,0
100438,1
100439,1
100440,0
100441,0
100442,0
100443,0
100444,1
100445,0
100446,0
100447,0
100448,1
100449,1
100450,0
100451,0
100452,0
100453,0
100454,0
100455,0
100456,0
100457,0
100458,0
100459,0
100460,0
100461,0
100462,0
100463,0
100464,0
100465,0
100466,0
100467,0
100468,0
100469,0
100470,1
100471,1
100472,0
100473,0
100474,0
100475,0
100476,0
100477,0
100478,0
100479,0
100480,0
100481,1
100482,0
100483,0
100484,0
100485,0
100486,0
100487,0
100488,0
100489,0
100490,0
100491,0
100492,0
100493,1
100494,0
100495,0
100496,0
100497,0
100498,1
100499,0
100500,0
100501,0
100502,0
100503,1
100504,0
100505,1
100506,1
100507,0
100508,0
100509,0
100510,0
100511,1
100512,1
100513,0
100514,0
100515,0
100516,0
100517,0
100518,1
100519,0
100520,0
100521,0
100522,0
100523,1
100524,0
100525,0
100526,0
100527,0
100528,0
100529,0
100530,0
100531,0
100532,0
100533,1
100534,0
100535,0
100536,0
100537,0
100538,1
100539,1
100540,0
100541,0
100542,1
100543,1
100544,1
100545,0
100546,0
100547,0
100548,0
100549,1
100550,0
100551,0
100552,0
100553,1
100554,1
100555,0
100556,0
100557,0
100558,1
100559,0
100560,0
100561,0
100562,0
100563,0
100564,0
100565,0
100566,0
100567,0
100568,0
100569,0
100570,0
100571,1
100572,0
100573,1
100574,0
100575,0
100576,0
100577,0
100578,0
100579,0
100580,1
100581,0
100582,0
100583,0
100584,0
100585,0
100586,0
100587,0
100588,0
100589,0
100590,1
100591,0
100592,1
100593,0
100594,0
100595,1
100596,1
100597,0
100598,1
100599,1
100600,0
100601,0
100602,0
100603,0
100604,0
100605,0
100606,0
100607,0
100608,0
100609,0
100610,0
100611,0
100612,0
100613,0
100614,1
100615,0
100616,0
100617,0
100618,0
100619,0
100620,0
100621,0
100622,0
100623,0
100624,0
100625,0
100626,0
100627,0
100628,0
100629,0
100630,0
100631,0
100632,0
100633,0
100634,0
100635,0
100636,0
100637,0
100638,1
100639,1
100640,0
100641,0
100642,0
100643,0
100644,0
100645,0
100646,1
100647,0
100648,1
100649,0
100650,1
100651,0
100652,0
100653,0
100654,0
100655,0
100656,0
100657,0
100658,0
100659,1
100660,0
100661,0
100662,0
100663,0
100664,0
100665,1
100666,1
100667,0
100668,0
100669,1
100670,0
100671,0
100672,0
100673,1
100674,0
100675,0
100676,0
100677,0
100678,1
100679,0
100680,0
100681,0
100682,0
100683,0
100684,0
100685,0
100686,0
100687,1
100688,0
100689,0
100690,0
100691,0
100692,0
100693,0
100694,1
100695,1
100696,0
100697,1
100698,0
100699,0
100700,0
100701,1
100702,1
100703,1
100704,0
100705,0
100706,1
100707,0
100708,0
100709,1
100710,1
100711,0
100712,0
100713,0
100714,0
100715,1
100716,0
100717,0
100718,0
100719,0
100720,0
100721,0
100722,1
100723,0
100724,0
100725,0
100726,0
100727,1
100728,0
100729,0
100730,0
100731,0
100732,0
100733,0
100734,0
100735,0
100736,1
100737,0
100738,0
100739,1
100740,0
100741,0
100742,0
100743,0
100744,0
100745,0
100746,0
100747,1
100748,0
100749,0
100750,0
100751,0
100752,0
100753,0
100754,0
100755,0
100756,1
100757,0
100758,0
100759,0
100760,1
100761,0
100762,0
100763,0
100764,0
100765,0
100766,1
100767,0
100768,0
100769,0
100770,0
100771,0
100772,1
100773,0
100774,0
100775,1
100776,0
100777,0
100778,1
100779,0
100780,0
100781,0
100782,0
100783,0
100784,1
100785,1
100786,0
100787,0
100788,0
100789,0
100790,0
100791,1
100792,0
100793,0
100794,0
100795,0
100796,0
100797,0
100798,0
100799,0
100800,0
100801,0
100802,0
100803,0
100804,0
100805,0
100806,1
100807,0
100808,0
100809,1
100810,1
100811,0
100812,0
100813,0
100814,1
100815,1
100816,0
100817,1
100818,0
100819,0
100820,0
100821,0
100822,1
100823,0
100824,0
100825,1
100826,0
100827,0
100828,0
100829,0
100830,0
100831,0
100832,0
100833,0
100834,0
100835,0
100836,0
100837,0
100838,0
100839,1
100840,0
100841,0
100842,0
100843,0
100844,1
100845,0
100846,0
100847,1
100848,0
100849,0
100850,0
100851,1
100852,0
100853,1
100854,0
100855,0
100856,0
100857,1
100858,0
100859,0
100860,0
100861,0
100862,0
100863,0
100864,0
100865,0
100866,0
100867,0
100868,0
100869,0
100870,0
100871,0
100872,0
100873,0
100874,0
100875,0
100876,0
100877,0
100878,0
100879,0
100880,0
100881,0
100882,1
100883,0
100884,0
100885,0
100886,0
100887,1
100888,1
100889,0
100890,0
100891,0
100892,0
100893,1
100894,0
100895,0
100896,1
100897,0
100898,0
100899,1
100900,0
100901,0
100902,1
100903,0
100904,0
100905,0
100906,0
100907,0
100908,1
100909,0
100910,1
100911,0
100912,0
100913,1
100914,0
100915,0
100916,0
100917,0
100918,0
100919,0
100920,0
100921,0
100922,0
100923,0
100924,1
100925,0
100926,0
100927,0
100928,0
100929,0
100930,0
100931,1
100932,0
100933,1
100934,0
100935,0
100936,0
100937,1
100938,0
100939,0
100940,0
100941,0
100942,0
100943,1
100944,0
100945,0
100946,0
100947,0
100948,0
100949,1
100950,0
100951,0
100952,0
100953,0
100954,0
100955,0
100956,0
100957,1
100958,0
100959,1
100960,0
100961,0
100962,0
100963,0
100964,0
100965,0
100966,0
100967,0
100968,0
100969,0
100970,0
100971,0
100972,0
100973,0
100974,0
100975,0
100976,0
100977,0
100978,0
100979,0
100980,0
100981,0
100982,0
100983,0
100984,1
100985,1
100986,1
100987,0
100988,0
100989,1
100990,0
100991,0
100992,0
100993,0
100994,0
100995,0
100996,0
100997,1
100998,1
100999,0
101000,0
101001,0
101002,0
101003,0
101004,0
101005,0
101006,0
101007,1
101008,1
101009,0
101010,0
101011,0
101012,0
101013,0
101014,0
101015,0
101016,0
101017,0
101018,0
101019,1
101020,1
101021,0
101022,0
101023,0
101024,0
101025,0
101026,0
101027,0
101028,1
101029,0
101030,0
101031,0
101032,0
101033,0
101034,1
101035,0
101036,1
101037,0
101038,0
101039,0
101040,0
101041,0
101042,1
101043,0
101044,0
101045,0
101046,0
101047,1
101048,0
101049,0
101050,1
101051,0
101052,1
101053,0
101054,0
101055,0
101056,0
101057,1
101058,0
101059,1
101060,0
101061,0
101062,1
101063,0
101064,0
101065,0
101066,0
101067,1
101068,1
101069,0
101070,1
101071,1
101072,0
101073,0
101074,0
101075,0
101076,0
101077,1
101078,1
101079,0
101080,1
101081,1
101082,0
101083,0
101084,0
101085,0
101086,0
101087,1
101088,0
101089,0
101090,0
101091,0
101092,0
101093,0
101094,1
101095,1
101096,0
101097,0
101098,0
101099,0
101100,1
101101,0
101102,0
101103,0
101104,0
101105,0
101106,0
101107,1
101108,0
101109,0
101110,1
101111,0
101112,0
101113,0
101114,0
101115,1
101116,0
101117,0
101118,0
101119,0
101120,0
101121,0
101122,0
101123,1
101124,0
101125,0
101126,0
101127,1
101128,0
101129,0
101130,0
101131,0
101132,0
101133,0
101134,0
101135,1
101136,1
101137,0
101138,0
101139,0
101140,0
101141,0
101142,1
101143,0
101144,0
101145,0
101146,0
101147,0
101148,0
101149,0
101150,0
101151,0
101152,0
101153,1
101154,0
101155,1
101156,0
101157,0
101158,1
101159,0
101160,0
101161,1
101162,0
101163,1
101164,1
101165,1
101166,0
101167,0
101168,0
101169,0
101170,0
101171,0
101172,0
101173,0
101174,0
101175,0
101176,0
101177,0
101178,0
101179,0
101180,0
101181,1
101182,1
101183,0
101184,0
101185,1
101186,0
101187,0
101188,0
101189,0
101190,0
101191,1
101192,0
101193,0
101194,0
101195,0
101196,0
101197,0
101198,0
101199,0
101200,0
101201,0
101202,0
101203,0
101204,0
101205,0
101206,1
101207,1
101208,0
101209,1
101210,0
101211,0
101212,1
101213,0
101214,1
101215,0
101216,0
101217,0
101218,0
101219,0
101220,0
101221,0
101222,0
101223,0
101224,0
101225,1
101226,0
101227,0
101228,0
101229,0
101230,0
101231,0
101232,1
101233,1
101234,0
101235,0
101236,0
101237,1
101238,0
101239,1
101240,0
101241,0
101242,0
101243,0
101244,0
101245,0
101246,0
101247,0
101248,0
101249,1
101250,0
101251,1
101252,0
101253,1
101254,0
101255,1
101256,0
101257,0
101258,0
101259,0
101260,0
101261,0
101262,0
101263,1
101264,0
101265,0
101266,0
101267,0
101268,0
101269,0
101270,0
101271,1
101272,0
101273,1
101274,0
101275,1
101276,0
101277,0
101278,0
101279,1
101280,0
101281,0
101282,1
101283,0
101284,0
101285,0
101286,0
101287,0
101288,1
101289,0
101290,0
101291,0
101292,0
101293,1
101294,0
101295,0
101296,0
101297,0
101298,0
101299,0
101300,0
101301,0
101302,1
101303,1
101304,0
101305,0
101306,1
101307,0
101308,0
101309,0
101310,0
101311,0
101312,0
101313,0
101314,0
101315,0
101316,0
101317,0
101318,1
101319,0
101320,0
101321,0
101322,0
101323,1
101324,0
101325,0
101326,0
101327,1
101328,0
101329,0
101330,0
101331,0
101332,0
101333,1
101334,1
101335,0
101336,0
101337,0
101338,0
101339,0
101340,0
101341,0
101342,1
101343,1
101344,0
101345,0
101346,0
101347,1
101348,0
101349,0
101350,1
101351,0
101352,0
101353,0
101354,0
101355,0
101356,0
101357,0
101358,1
101359,0
101360,0
101361,0
101362,0
101363,0
101364,0
101365,0
101366,0
101367,0
101368,0
101369,0
101370,0
101371,0
101372,0
101373,0
101374,0
101375,0
101376,1
101377,1
101378,0
101379,0
101380,0
101381,1
101382,1
101383,0
101384,0
101385,0
101386,0
101387,0
101388,0
101389,0
101390,0
101391,0
101392,1
101393,1
101394,0
101395,0
101396,0
101397,0
101398,1
101399,0
101400,0
101401,1
101402,0
101403,1
101404,0
101405,0
101406,0
101407,0
101408,0
101409,0
101410,0
101411,1
101412,0
101413,1
101414,0
101415,0
101416,0
101417,1
101418,0
101419,1
101420,0
101421,0
101422,1
101423,0
101424,1
101425,0
101426,0
101427,0
101428,0
101429,0
101430,0
101431,1
101432,1
101433,0
101434,0
101435,0
101436,0
101437,0
101438,0
101439,0
101440,0
101441,1
101442,0
101443,0
101444,0
101445,0
101446,0
101447,0
101448,0
101449,0
101450,0
101451,0
101452,0
101453,0
101454,0
101455,0
101456,0
101457,0
101458,0
101459,1
101460,0
101461,0
101462,1
101463,0
101464,1
101465,0
101466,1
101467,0
101468,0
101469,0
101470,0
101471,0
101472,0
101473,0
101474,1
101475,0
101476,0
101477,0
101478,1
101479,1
101480,0
101481,0
101482,0
101483,0
101484,0
101485,0
101486,0
101487,0
101488,0
101489,0
101490,0
101491,0
101492,0
101493,0
101494,1
101495,0
101496,0
101497,0
101498,0
101499,0
101500,0
101501,0
101502,1
101503,1
101504,0
101505,0
101506,1
101507,0
101508,0
101509,0
101510,0
101511,0
101512,0
101513,0
101514,0
101515,0
101516,0
101517,0
101518,0
101519,1
101520,0
101521,0
101522,0
101523,0
101524,0
101525,0
101526,0
101527,0
101528,0
101529,0
101530,0
101531,0
101532,0
101533,0
101534,1
101535,0
101536,0
101537,0
101538,0
101539,1
101540,1
101541,0
101542,0
101543,0
101544,0
101545,0
101546,0
101547,0
101548,0
101549,0
101550,0
101551,0
101552,1
101553,0
101554,0
101555,0
101556,0
101557,0
101558,0
101559,0
101560,1
101561,1
101562,0
101563,0
101564,0
101565,0
101566,0
101567,0
101568,0
101569,0
101570,1
101571,0
101572,1
101573,0
101574,0
101575,0
101576,1
101577,0
101578,0
101579,0
101580,1
101581,0
101582,0
101583,1
101584,0
101585,1
101586,1
101587,0
101588,0
101589,0
101590,0
101591,0
101592,0
101593,0
101594,0
101595,1
101596,0
101597,0
101598,1
101599,0
101600,1
101601,0
101602,0
101603,0
101604,1
101605,0
101606,0
101607,0
101608,0
101609,0
101610,1
101611,1
101612,0
101613,0
101614,0
101615,0
101616,0
101617,1
101618,0
101619,0
101620,0
101621,0
101622,1
101623,0
101624,0
101625,0
101626,0
101627,0
101628,0
101629,0
101630,0
101631,0
101632,0
101633,0
101634,0
101635,1
101636,0
101637,0
101638,1
101639,0
101640,1
101641,0
101642,0
101643,0
101644,0
101645,0
101646,0
101647,1
101648,0
101649,1
101650,1
101651,0
101652,0
101653,0
101654,0
101655,0
101656,0
101657,0
101658,0
101659,0
101660,0
101661,0
101662,1
101663,0
101664,1
101665,0
101666,0
101667,1
101668,0
101669,0
101670,0
101671,0
101672,0
101673,1
101674,0
101675,0
101676,0
101677,1
101678,0
101679,0
101680,0
101681,0
101682,0
101683,0
101684,0
101685,0
101686,0
101687,0
101688,0
101689,1
101690,1
101691,0
101692,1
101693,0
101694,0
101695,0
101696,0
101697,0
101698,0
101699,0
101700,0
101701,0
101702,1
101703,0
101704,0
101705,0
101706,0
101707,1
101708,0
101709,1
101710,0
101711,0
101712,0
101713,0
101714,1
101715,0
101716,0
101717,0
101718,1
101719,1
101720,0
101721,0
101722,0
101723,1
101724,1
101725,0
101726,0
101727,0
101728,0
101729,0
101730,0
101731,0
101732,0
101733,1
101734,0
101735,0
101736,0
101737,0
101738,1
101739,0
101740,0
101741,1
101742,0
101743,1
101744,0
101745,0
101746,0
101747,0
101748,1
101749,0
101750,0
101751,0
101752,1
101753,1
101754,1
101755,0
101756,0
101757,0
101758,0
101759,0
101760,0
101761,0
101762,0
101763,0
101764,1
101765,0
101766,0
101767,0
101768,0
101769,1
101770,0
101771,1
101772,0
101773,0
101774,1
101775,0
101776,0
101777,0
101778,0
101779,1
101780,1
101781,0
101782,0
101783,1
101784,0
101785,0
101786,0
101787,0
101788,0
101789,0
101790,0
101791,0
101792,1
101793,0
101794,0
101795,0
101796,0
101797,1
101798,0
101799,0
101800,1
101801,0
101802,0
101803,0
101804,0
101805,0
101806,1
101807,0
101808,1
101809,0
101810,0
101811,1
101812,0
101813,1
101814,0
101815,0
101816,0
101817,0
101818,0
101819,0
101820,1
101821,0
101822,1
101823,1
101824,0
101825,0
101826,0
101827,0
101828,0
101829,0
101830,0
101831,0
101832,1
101833,0
101834,0
101835,0
101836,0
101837,1
101838,0
101839,0
101840,0
101841,0
101842,0
101843,0
101844,0
101845,0
101846,1
101847,0
101848,0
101849,0
101850,0
101851,0
101852,0
101853,0
101854,1
101855,0
101856,0
101857,1
101858,0
101859,0
101860,1
101861,0
101862,0
101863,0
101864,0
101865,0
101866,0
101867,0
101868,0
101869,0
101870,0
101871,0
101872,0
101873,0
101874,1
101875,1
101876,0
101877,0
101878,0
101879,0
101880,0
101881,0
101882,0
101883,1
101884,0
101885,0
101886,0
101887,0
101888,0
101889,0
101890,0
101891,1
101892,0
101893,0
101894,0
101895,0
101896,1
101897,0
101898,0
101899,0
101900,0
101901,1
101902,1
101903,0
101904,0
101905,0
101906,0
101907,0
101908,0
101909,0
101910,0
101911,1
101912,0
101913,1
101914,0
101915,0
101916,0
101917,1
101918,0
101919,1
101920,0
101921,0
101922,0
101923,0
101924,0
101925,0
101926,0
101927,0
101928,0
101929,0
101930,0
101931,1
101932,0
101933,0
101934,0
101935,0
101936,0
101937,1
101938,0
101939,0
101940,1
101941,0
101942,0
101943,1
101944,1
101945,0
101946,1
101947,1
101948,0
101949,0
101950,0
101951,0
101952,1
101953,1
101954,0
101955,0
101956,0
101957,1
101958,0
101959,0
101960,0
101961,0
101962,1
101963,0
101964,0
101965,0
101966,1
101967,0
101968,0
101969,0
101970,1
101971,0
101972,0
101973,1
101974,0
101975,0
101976,0
101977,0
101978,0
101979,0
101980,0
101981,1
101982,0
101983,0
101984,0
101985,0
101986,1
101987,0
101988,0
101989,0
101990,0
101991,0
101992,0
101993,0
101994,0
101995,1
101996,0
101997,1
101998,0
101999,0
102000,1
102001,0
102002,0
102003,0
102004,1
102005,0
102006,0
102007,0
102008,0
102009,0
102010,1
102011,0
102012,0
102013,0
102014,1
102015,0
102016,0
102017,0
102018,0
102019,0
102020,0
102021,0
102022,0
102023,0
102024,0
102025,0
102026,1
102027,0
102028,0
102029,0
102030,0
102031,0
102032,1
102033,0
102034,0
102035,1
102036,0
102037,1
102038,0
102039,0
102040,1
102041,0
102042,0
102043,0
102044,0
102045,0
102046,0
102047,0
102048,0
102049,0
102050,0
102051,0
102052,1
102053,0
102054,0
102055,0
102056,0
102057,0
102058,0
102059,0
102060,0
102061,0
102062,1
102063,0
102064,1
102065,0
102066,0
102067,1
102068,0
102069,1
102070,0
102071,0
102072,1
102073,0
102074,0
102075,0
102076,0
102077,1
102078,0
102079,0
102080,0
102081,0
102082,0
102083,0
102084,0
102085,0
102086,0
102087,1
102088,1
102089,0
102090,0
102091,0
102092,0
102093,0
102094,1
102095,0
102096,0
102097,0
102098,1
102099,0
102100,0
102101,0
102102,0
102103,0
102104,0
102105,1
102106,1
102107,0
102108,0
102109,0
102110,0
102111,0
102112,0
102113,1
102114,0
102115,0
102116,1
102117,0
102118,0
102119,0
102120,0
102121,1
102122,0
102123,0
102124,0
102125,0
102126,0
102127,1
102128,0
102129,0
102130,0
102131,0
102132,0
102133,0
102134,0
102135,0
102136,0
102137,0
102138,0
102139,1
102140,0
102141,0
102142,1
102143,0
102144,0
102145,0
102146,0
102147,0
102148,1
102149,1
102150,0
102151,0
102152,0
102153,0
102154,1
102155,0
102156,0
102157,0
102158,0
102159,1
102160,1
102161,0
102162,0
102163,0
102164,0
102165,0
102166,0
102167,0
102168,1
102169,0
102170,0
102171,0
102172,1
102173,1
102174,0
102175,0
102176,0
102177,0
102178,0
102179,0
102180,0
102181,0
102182,0
102183,1
102184,0
102185,0
102186,0
102187,0
102188,0
102189,0
102190,0
102191,0
102192,1
102193,0
102194,0
102195,0
102196,0
102197,0
102198,0
102199,0
102200,0
102201,0
102202,1
102203,0
102204,0
102205,0
102206,0
102207,0
102208,0
102209,0
102210,0
102211,0
102212,1
102213,1
102214,1
102215,0
102216,1
102217,0
102218,0
102219,0
102220,1
102221,0
102222,0
102223,0
102224,0
102225,0
102226,1
102227,0
102228,0
102229,0
102230,0
102231,0
102232,0
102233,0
102234,0
102235,0
102236,0
102237,1
102238,0
102239,0
102240,0
102241,1
102242,0
102243,0
102244,0
102245,0
102246,1
102247,0
102248,0
102249,0
102250,1
102251,0
102252,1
102253,0
102254,0
102255,0
102256,0
102257,1
102258,1
102259,0
102260,1
102261,1
102262,1
102263,0
102264,0
102265,0
102266,0
102267,0
102268,0
102269,0
102270,1
102271,0
102272,0
102273,0
102274,0
102275,0
102276,0
102277,0
102278,0
102279,0
102280,0
102281,0
102282,0
102283,1
102284,0
102285,0
102286,1
102287,0
102288,1
102289,0
102290,0
102291,0
102292,1
102293,0
102294,0
102295,0
102296,0
102297,0
102298,0
102299,0
102300,1
102301,0
102302,0
102303,0
102304,1
102305,1
102306,0
102307,0
102308,0
102309,1
102310,0
102311,1
102312,0
102313,0
102314,0
102315,0
102316,1
102317,0
102318,0
102319,0
102320,0
102321,1
102322,0
102323,0
102324,1
102325,0
102326,0
102327,1
102328,0
102329,0
102330,0
102331,0
102332,0
102333,1
102334,0
102335,1
102336,0
102337,0
102338,0
102339,0
102340,0
102341,0
102342,0
102343,0
102344,0
102345,0
102346,0
102347,0
102348,0
102349,1
102350,1
102351,1
102352,0
102353,0
102354,0
102355,0
102356,1
102357,1
102358,0
102359,1
102360,0
102361,1
102362,0
102363,0
102364,1
102365,0
102366,0
102367,0
102368,0
102369,1
102370,0
102371,0
102372,0
102373,1
102374,0
102375,0
102376,0
102377,0
102378,0
102379,0
102380,1
102381,1
102382,0
102383,1
102384,0
102385,1
102386,0
102387,0
102388,0
102389,0
102390,1
102391,0
102392,0
102393,0
102394,0
102395,0
102396,1
102397,1
102398,0
102399,0
102400,0
102401,1
102402,1
102403,0
102404,0
102405,0
102406,0
102407,0
102408,1
102409,0
102410,0
102411,0
102412,0
102413,0
102414,0
102415,0
102416,0
102417,0
102418,1
102419,1
102420,1
102421,0
102422,0
102423,0
102424,0
102425,0
102426,0
102427,0
102428,0
102429,1
102430,0
102431,0
102432,0
102433,0
102434,0
102435,1
102436,0
102437,0
102438,0
102439,0
102440,0
102441,1
102442,1
102443,0
102444,0
102445,0
102446,0
102447,0
102448,0
102449,0
102450,0
102451,0
102452,0
102453,0
102454,1
102455,1
102456,0
102457,0
102458,0
102459,0
102460,0
102461,0
102462,0
102463,0
102464,0
102465,0
102466,0
102467,0
102468,0
102469,1
102470,1
102471,0
102472,1
102473,0
102474,0
102475,1
102476,0
102477,0
102478,1
102479,1
102480,0
102481,0
102482,0
102483,0
102484,0
102485,0
102486,0
102487,0
102488,0
102489,0
102490,0
102491,0
102492,0
102493,0
102494,0
102495,1
102496,0
102497,0
102498,0
102499,1
102500,1
102501,0
102502,1
102503,0
102504,0
102505,0
102506,0
102507,1
102508,0
102509,0
102510,0
102511,0
102512,0
102513,1
102514,0
102515,0
102516,0
102517,0
102518,1
102519,0
102520,0
102521,0
102522,0
102523,0
102524,0
102525,1
102526,0
102527,0
102528,0
102529,0
102530,0
102531,0
102532,0
102533,0
102534,1
102535,1
102536,0
102537,0
102538,0
102539,0
102540,1
102541,0
102542,0
102543,0
102544,0
102545,0
102546,1
102547,0
102548,0
102549,0
102550,0
102551,0
102552,1
102553,0
102554,0
102555,0
102556,0
102557,0
102558,0
102559,0
102560,0
102561,1
102562,0
102563,0
102564,0
102565,0
102566,1
102567,1
102568,1
102569,0
102570,1
102571,0
102572,0
102573,1
102574,0
102575,1
102576,1
102577,1
102578,0
102579,0
102580,0
102581,1
102582,0
102583,1
102584,0
102585,0
102586,0
102587,1
102588,1
102589,0
102590,1
102591,0
102592,1
102593,0
102594,0
102595,0
102596,0
102597,0
102598,0
102599,0
102600,0
102601,0
102602,0
102603,1
102604,1
102605,0
102606,0
102607,0
102608,0
102609,0
102610,0
102611,1
102612,0
102613,1
102614,1
102615,0
102616,0
102617,0
102618,0
102619,0
102620,0
102621,0
102622,0
102623,0
102624,1
102625,1
102626,0
102627,0
102628,0
102629,0
102630,1
102631,0
102632,0
102633,0
102634,0
102635,0
102636,0
102637,0
102638,1
102639,0
102640,0
102641,1
102642,0
102643,0
102644,0
102645,0
102646,0
102647,0
102648,0
102649,0
102650,1
102651,0
102652,0
102653,0
102654,0
102655,1
102656,0
102657,0
102658,0
102659,0
102660,0
102661,1
102662,0
102663,0
102664,0
102665,0
102666,0
102667,0
102668,0
102669,0
102670,0
102671,0
102672,0
102673,0
102674,0
102675,0
102676,0
102677,0
102678,1
102679,1
102680,0
102681,0
102682,0
102683,1
102684,0
102685,1
102686,1
102687,0
102688,1
102689,0
102690,0
102691,0
102692,0
102693,1
102694,0
102695,0
102696,0
102697,0
102698,1
102699,0
102700,0
102701,1
102702,1
102703,1
102704,0
102705,0
102706,1
102707,0
102708,0
102709,0
102710,0
102711,0
102712,0
102713,0
102714,0
102715,0
102716,0
102717,0
102718,0
102719,0
102720,1
102721,0
102722,0
102723,0
102724,0
102725,0
102726,0
102727,0
102728,0
102729,0
102730,0
102731,0
102732,0
102733,0
102734,0
102735,1
102736,0
102737,1
102738,0
102739,0
102740,0
102741,0
102742,0
102743,0
102744,0
102745,0
102746,0
102747,0
102748,0
102749,1
102750,0
102751,0
102752,0
102753,0
102754,0
102755,0
102756,0
102757,0
102758,1
102759,0
102760,1
102761,0
102762,0
102763,0
102764,0
102765,0
102766,0
102767,0
102768,1
102769,0
102770,0
102771,0
102772,1
102773,0
102774,0
102775,0
102776,0
102777,0
102778,0
102779,0
102780,0
102781,0
102782,0
102783,1
102784,0
102785,1
102786,0
102787,0
102788,0
102789,0
102790,0
102791,0
102792,0
102793,0
102794,0
102795,1
102796,0
102797,0
102798,0
102799,0
102800,0
102801,0
102802,0
102803,1
102804,0
102805,1
102806,1
102807,0
102808,0
102809,0
102810,0
102811,0
102812,0
102813,0
102814,1
102815,0
102816,0
102817,1
102818,0
102819,0
102820,0
102821,0
102822,1
102823,0
102824,1
102825,0
102826,0
102827,0
102828,0
102829,0
102830,1
102831,0
102832,0
102833,0
102834,0
102835,1
102836,1
102837,0
102838,0
102839,0
102840,0
102841,0
102842,0
102843,0
102844,1
102845,0
102846,0
102847,0
102848,0
102849,0
102850,0
102851,1
102852,0
102853,0
102854,0
102855,0
102856,0
102857,0
102858,0
102859,0
102860,0
102861,1
102862,1
102863,0
102864,1
102865,1
102866,0
102867,0
102868,0
102869,0
102870,0
102871,0
102872,0
102873,1
102874,1
102875,1
102876,1
102877,0
102878,0
102879,0
102880,0
102881,0
102882,0
102883,0
102884,1
102885,0
102886,0
102887,0
102888,0
102889,0
102890,0
102891,0
102892,0
102893,1
102894,0
102895,0
102896,0
102897,0
102898,0
102899,0
102900,0
102901,0
102902,0
102903,0
102904,0
102905,0
102906,0
102907,0
102908,0
102909,0
102910,0
102911,1
102912,1
102913,0
102914,0
102915,0
102916,0
102917,0
102918,0
102919,0
102920,0
102921,0
102922,0
102923,0
102924,0
102925,0
102926,0
102927,0
102928,0
102929,0
102930,0
102931,0
102932,0
102933,0
102934,0
102935,0
102936,0
102937,0
102938,0
102939,1
102940,1
102941,0
102942,0
102943,0
102944,0
102945,0
102946,1
102947,0
102948,1
102949,0
102950,0
102951,0
102952,0
102953,0
102954,1
102955,1
102956,0
102957,0
102958,0
102959,0
102960,1
102961,1
102962,0
102963,0
102964,0
102965,0
102966,0
102967,1
102968,1
102969,0
102970,0
102971,1
102972,0
102973,0
102974,1
102975,0
102976,0
102977,1
102978,0
102979,0
102980,1
102981,0
102982,0
102983,1
102984,0
102985,0
102986,0
102987,0
102988,0
102989,0
102990,0
102991,0
102992,0
102993,0
102994,0
102995,0
102996,0
102997,1
102998,1
102999,0
103000,0
103001,0
103002,0
103003,1
103004,0
103005,0
103006,1
103007,0
103008,0
103009,0
103010,0
103011,0
103012,0
103013,0
103014,1
103015,1
103016,0
103017,0
103018,0
103019,1
103020,0
103021,0
103022,1
103023,0
103024,0
103025,1
103026,0
103027,0
103028,0
103029,0
103030,0
103031,1
103032,0
103033,0
103034,0
103035,1
103036,0
103037,0
103038,0
103039,0
103040,0
103041,0
103042,1
103043,0
103044,0
103045,0
103046,0
103047,1
103048,0
103049,0
103050,1
103051,0
103052,0
103053,0
103054,0
103055,0
103056,0
103057,0
103058,0
103059,0
103060,0
103061,0
103062,0
103063,0
103064,1
103065,0
103066,0
103067,0
103068,0
103069,0
103070,0
103071,0
103072,0
103073,0
103074,0
103075,0
103076,0
103077,0
103078,0
103079,1
103080,0
103081,0
103082,0
103083,1
103084,0
103085,0
103086,1
103087,0
103088,1
103089,0
103090,0
103091,0
103092,0
103093,0
103094,0
103095,1
103096,0
103097,0
103098,0
103099,1
103100,0
103101,0
103102,0
103103,0
103104,0
103105,0
103106,0
103107,1
103108,0
103109,0
103110,0
103111,0
103112,1
103113,0
103114,0
103115,1
103116,1
103117,0
103118,0
103119,1
103120,0
103121,0
103122,0
103123,0
103124,1
103125,1
103126,1
103127,0
103128,0
103129,0
103130,0
103131,0
103132,1
103133,0
103134,0
103135,0
103136,1
103137,0
103138,0
103139,0
103140,1
103141,0
103142,0
103143,0
103144,0
103145,0
103146,0
103147,1
103148,0
103149,0
103150,1
103151,0
103152,0
103153,1
103154,1
103155,0
103156,0
103157,0
103158,0
103159,0
103160,1
103161,0
103162,0
103163,0
103164,0
103165,0
103166,0
103167,0
103168,1
103169,0
103170,0
103171,0
103172,0
103173,0
103174,0
103175,0
103176,1
103177,0
103178,0
103179,0
103180,0
103181,0
103182,0
103183,0
103184,1
103185,0
103186,1
103187,0
103188,0
103189,0
103190,0
103191,0
103192,0
103193,0
103194,1
103195,0
103196,0
103197,1
103198,0
103199,0
103200,0
103201,1
103202,0
103203,1
103204,0
103205,0
103206,0
103207,0
103208,0
103209,0
103210,1
103211,1
103212,0
103213,0
103214,1
103215,0
103216,1
103217,0
103218,0
103219,0
103220,0
103221,1
103222,1
103223,0
103224,0
103225,0
103226,0
103227,0
103228,0
103229,0
103230,0
103231,1
103232,1
103233,0
103234,0
103235,0
103236,1
103237,0
103238,0
103239,0
103240,0
103241,0
103242,0
103243,1
103244,0
103245,0
103246,0
103247,0
103248,0
103249,0
103250,0
103251,0
103252,0
103253,0
103254,1
103255,0
103256,0
103257,1
103258,1
103259,0
103260,0
103261,0
103262,1
103263,0
103264,0
103265,1
103266,0
103267,0
103268,0
103269,0
103270,0
103271,1
103272,0
103273,1
103274,0
103275,0
103276,0
103277,0
103278,0
103279,1
103280,0
103281,0
103282,0
103283,1
103284,0
103285,0
103286,0
103287,0
103288,0
103289,1
103290,0
103291,0
103292,0
103293,0
103294,0
103295,1
103296,0
103297,0
103298,0
103299,0
103300,0
103301,1
103302,0
103303,1
103304,0
103305,1
103306,0
103307,0
103308,0
103309,1
103310,0
103311,0
103312,0
103313,0
103314,0
103315,0
103316,0
103317,1
103318,0
103319,0
103320,0
103321,0
103322,1
103323,0
103324,1
103325,1
103326,0
103327,0
103328,0
103329,0
103330,0
103331,0
103332,0
103333,0
103334,0
103335,0
103336,1
103337,0
103338,0
103339,0
103340,0
103341,0
103342,1
103343,0
103344,0
103345,0
103346,1
103347,1
103348,0
103349,1
103350,1
103351,0
103352,0
103353,0
103354,0
103355,1
103356,0
103357,0
103358,0
103359,0
103360,1
103361,0
103362,0
103363,0
103364,0
103365,1
103366,0
103367,1
103368,0
103369,0
103370,0
103371,0
103372,0
103373,0
103374,0
103375,0
103376,0
103377,0
103378,0
103379,0
103380,0
103381,0
103382,1
103383,0
103384,0
103385,0
103386,0
103387,0
103388,0
103389,0
103390,0
103391,1
103392,0
103393,0
103394,0
103395,0
103396,1
103397,0
103398,1
103399,0
103400,1
103401,0
103402,0
103403,0
103404,0
103405,0
103406,1
103407,0
103408,0
103409,1
103410,1
103411,0
103412,0
103413,0
103414,0
103415,0
103416,0
103417,1
103418,0
103419,0
103420,0
103421,0
103422,1
103423,0
103424,0
103425,0
103426,0
103427,0
103428,0
103429,0
103430,0
103431,0
103432,0
103433,0
103434,0
103435,1
103436,0
103437,0
103438,0
103439,0
103440,0
103441,0
103442,0
103443,0
103444,0
103445,1
103446,0
103447,0
103448,0
103449,0
103450,0
103451,0
103452,1
103453,0
103454,0
103455,0
103456,0
103457,0
103458,0
103459,0
103460,0
103461,1
103462,0
103463,0
103464,0
103465,0
103466,0
103467,0
103468,1
103469,0
103470,0
103471,1
103472,1
103473,0
103474,0
103475,0
103476,0
103477,0
103478,0
103479,1
103480,0
103481,0
103482,0
103483,0
103484,0
103485,1
103486,0
103487,1
103488,0
103489,0
103490,1
103491,0
103492,0
103493,0
103494,0
103495,0
103496,0
103497,0
103498,0
103499,0
103500,0
103501,0
103502,1
103503,0
103504,0
103505,0
103506,0
103507,0
103508,0
103509,0
103510,0
103511,0
103512,0
103513,1
103514,1
103515,0
103516,0
103517,0
103518,0
103519,1
103520,0
103521,1
103522,0
103523,1
103524,1
103525,0
103526,1
103527,0
103528,0
103529,1
103530,0
103531,0
103532,0
103533,0
103534,0
103535,0
103536,0
103537,1
103538,0
103539,0
103540,1
103541,0
103542,0
103543,0
103544,0
103545,0
103546,0
103547,0
103548,0
103549,0
103550,0
103551,0
103552,0
103553,0
103554,0
103555,0
103556,0
103557,0
103558,0
103559,0
103560,0
103561,0
103562,0
103563,0
103564,1
103565,1
103566,0
103567,1
103568,0
103569,0
103570,0
103571,0
103572,0
103573,0
103574,0
103575,0
103576,0
103577,0
103578,1
103579,0
103580,0
103581,0
103582,0
103583,1
103584,0
103585,0
103586,1
103587,0
103588,1
103589,0
103590,0
103591,0
103592,0
103593,0
103594,0
103595,0
103596,0
103597,0
103598,0
103599,0
103600,0
103601,0
103602,0
103603,1
103604,0
103605,1
103606,1
103607,0
103608,0
103609,1
103610,0
103611,0
103612,0
103613,0
103614,0
103615,0
103616,0
103617,1
103618,0
103619,0
103620,0
103621,0
103622,0
103623,0
103624,0
103625,0
103626,1
103627,0
103628,1
103629,0
103630,0
103631,0
103632,0
103633,0
103634,0
103635,0
103636,1
103637,0
103638,0
103639,1
103640,0
103641,0
103642,1
103643,0
103644,0
103645,0
103646,0
103647,0
103648,0
103649,0
103650,0
103651,0
103652,0
103653,0
103654,0
103655,0
103656,0
103657,0
103658,0
103659,0
103660,0
103661,0
103662,1
103663,0
103664,0
103665,0
103666,0
103667,0
103668,0
103669,1
103670,0
103671,0
103672,0
103673,1
103674,1
103675,0
103676,0
103677,0
103678,0
103679,0
103680,0
103681,1
103682,0
103683,0
103684,1
103685,0
103686,0
103687,1
103688,0
103689,0
103690,0
103691,0
103692,0
103693,0
103694,0
103695,0
103696,0
103697,0
103698,0
103699,0
103700,0
103701,0
103702,1
103703,0
103704,0
103705,0
103706,0
103707,0
103708,0
103709,0
103710,0
103711,0
103712,1
103713,1
103714,1
103715,0
103716,0
103717,0
103718,0
103719,0
103720,1
103721,0
103722,1
103723,0
103724,0
103725,1
103726,0
103727,1
103728,0
103729,0
103730,0
103731,0
103732,0
103733,1
103734,0
103735,1
103736,0
103737,0
103738,0
103739,0
103740,1
103741,0
103742,0
103743,0
103744,0
103745,0
103746,1
103747,0
103748,0
103749,0
103750,1
103751,0
103752,0
103753,0
103754,0
103755,0
103756,0
103757,0
103758,0
103759,0
103760,0
103761,0
103762,0
103763,1
103764,0
103765,0
103766,0
103767,0
103768,0
103769,1
103770,0
103771,1
103772,1
103773,1
103774,0
103775,1
103776,0
103777,1
103778,1
103779,0
103780,0
103781,0
103782,0
103783,0
103784,0
103785,0
103786,1
103787,0
103788,0
103789,0
103790,0
103791,0
103792,0
103793,0
103794,0
103795,0
103796,1
103797,0
103798,0
103799,0
103800,0
103801,0
103802,0
103803,1
103804,0
103805,1
103806,0
103807,0
103808,0
103809,0
103810,0
103811,0
103812,0
103813,0
103814,0
103815,0
103816,0
103817,0
103818,0
103819,0
103820,1
103821,0
103822,1
103823,0
103824,0
103825,1
103826,0
103827,0
103828,0
103829,1
103830,0
103831,0
103832,0
103833,0
103834,0
103835,0
103836,0
103837,0
103838,0
103839,0
103840,0
103841,0
103842,1
103843,0
103844,0
103845,1
103846,1
103847,0
103848,0
103849,0
103850,1
103851,0
103852,1
103853,0
103854,0
103855,0
103856,0
103857,0
103858,0
103859,0
103860,0
103861,0
103862,0
103863,0
103864,1
103865,0
103866,0
103867,0
103868,0
103869,0
103870,1
103871,0
103872,0
103873,0
103874,0
103875,0
103876,0
103877,0
103878,1
103879,0
103880,0
103881,0
103882,1
103883,0
103884,0
103885,0
103886,0
103887,0
103888,0
103889,0
103890,0
103891,0
103892,0
103893,0
103894,0
103895,1
103896,0
103897,0
103898,0
103899,0
103900,0
103901,0
103902,0
103903,0
103904,0
103905,0
103906,0
103907,0
103908,0
103909,0
103910,0
103911,0
103912,0
103913,0
103914,1
103915,0
103916,0
103917,1
103918,0
103919,0
103920,0
103921,0
103922,1
103923,0
103924,0
103925,0
103926,0
103927,1
103928,0
103929,0
103930,0
103931,1
103932,0
103933,0
103934,0
103935,0
103936,0
103937,0
103938,1
103939,1
103940,0
103941,0
103942,0
103943,0
103944,1
103945,0
103946,1
103947,0
103948,0
103949,0
103950,1
103951,0
103952,0
103953,0
103954,1
103955,0
103956,1
103957,1
103958,0
103959,1
103960,0
103961,0
103962,1
103963,0
103964,0
103965,0
103966,0
103967,0
103968,0
103969,0
103970,0
103971,0
103972,0
103973,0
103974,0
103975,0
103976,0
103977,0
103978,0
103979,0
103980,0
103981,0
103982,1
103983,0
103984,1
103985,0
103986,0
103987,0
103988,0
103989,0
103990,0
103991,0
103992,0
103993,0
103994,0
103995,0
103996,0
103997,0
103998,0
103999,0
104000,0
104001,0
104002,0
104003,0
104004,1
104005,0
104006,0
104007,0
104008,1
104009,0
104010,0
104011,0
104012,1
104013,0
104014,0
104015,0
104016,0
104017,1
104018,0
104019,1
104020,0
104021,1
104022,0
104023,0
104024,0
104025,0
104026,0
104027,0
104028,0
104029,0
104030,0
104031,0
104032,0
104033,0
104034,0
104035,0
104036,0
104037,0
104038,0
104039,1
104040,0
104041,1
104042,0
104043,0
104044,0
104045,0
104046,0
104047,1
104048,0
104049,0
104050,1
104051,1
104052,0
104053,0
104054,0
104055,1
104056,0
104057,0
104058,1
104059,0
104060,0
104061,0
104062,0
104063,0
104064,0
104065,0
104066,0
104067,0
104068,0
104069,0
104070,0
104071,0
104072,0
104073,0
104074,0
104075,0
104076,0
104077,1
104078,0
104079,0
104080,1
104081,0
104082,1
104083,0
104084,0
104085,1
104086,0
104087,1
104088,0
104089,0
104090,0
104091,0
104092,0
104093,0
104094,1
104095,0
104096,0
104097,0
104098,0
104099,0
104100,0
104101,1
104102,0
104103,0
104104,0
104105,0
104106,0
104107,0
104108,0
104109,0
104110,0
104111,0
104112,0
104113,0
104114,0
104115,0
104116,0
104117,0
104118,0
104119,0
104120,0
104121,0
104122,0
104123,0
104124,0
104125,0
104126,0
104127,0
104128,0
104129,0
104130,0
104131,1
104132,0
104133,0
104134,0
104135,1
104136,0
104137,0
104138,0
104139,0
104140,0
104141,0
104142,0
104143,0
104144,0
104145,0
104146,0
104147,0
104148,0
104149,0
104150,0
104151,0
104152,1
104153,0
104154,0
104155,0
104156,0
104157,0
104158,0
104159,0
104160,0
104161,1
104162,0
104163,0
104164,1
104165,1
104166,1
104167,1
104168,0
104169,0
104170,0
104171,1
104172,0
104173,0
104174,1
104175,1
104176,0
104177,1
104178,0
104179,0
104180,1
104181,0
104182,0
104183,0
104184,0
104185,0
104186,1
104187,0
104188,0
104189,0
104190,1
104191,1
104192,0
104193,0
104194,0
104195,1
104196,1
104197,0
104198,0
104199,0
104200,0
104201,0
104202,0
104203,0
104204,0
104205,0
104206,0
104207,0
104208,0
104209,0
104210,0
104211,1
104212,0
104213,0
104214,0
104215,0
104216,0
104217,1
104218,0
104219,0
104220,0
104221,0
104222,0
104223,0
104224,0
104225,0
104226,0
104227,0
104228,0
104229,0
104230,0
104231,1
104232,0
104233,0
104234,0
104235,0
104236,1
104237,0
104238,0
104239,0
104240,0
104241,0
104242,1
104243,0
104244,0
104245,0
104246,0
104247,1
104248,1
104249,0
104250,0
104251,0
104252,0
104253,0
104254,0
104255,0
104256,0
104257,0
104258,0
104259,1
104260,0
104261,0
104262,0
104263,0
104264,1
104265,1
104266,0
104267,1
104268,0
104269,0
104270,1
104271,0
104272,0
104273,0
104274,1
104275,0
104276,0
104277,0
104278,0
104279,0
104280,0
104281,0
104282,0
104283,0
104284,1
104285,1
104286,0
104287,0
104288,1
104289,1
104290,0
104291,0
104292,1
104293,0
104294,0
104295,0
104296,0
104297,0
104298,1
104299,1
104300,0
104301,0
104302,0
104303,0
104304,0
104305,0
104306,0
104307,0
104308,1
104309,1
104310,0
104311,0
104312,0
104313,0
104314,0
104315,0
104316,0
104317,0
104318,0
104319,0
104320,0
104321,0
104322,0
104323,0
104324,1
104325,0
104326,1
104327,0
104328,1
104329,1
104330,1
104331,0
104332,0
104333,0
104334,0
104335,0
104336,0
104337,0
104338,1
104339,0
104340,0
104341,0
104342,0
104343,0
104344,0
104345,0
104346,0
104347,0
104348,0
104349,0
104350,0
104351,0
104352,1
104353,0
104354,0
104355,0
104356,0
104357,0
104358,1
104359,0
104360,0
104361,0
104362,1
104363,0
104364,0
104365,0
104366,1
104367,0
104368,0
104369,0
104370,0
104371,0
104372,0
104373,0
104374,0
104375,0
104376,0
104377,0
104378,0
104379,0
104380,0
104381,0
104382,0
104383,0
104384,1
104385,0
104386,0
104387,0
104388,0
104389,0
104390,0
104391,0
104392,0
104393,1
104394,0
104395,0
104396,1
104397,0
104398,1
104399,1
104400,1
104401,0
104402,0
104403,0
104404,0
104405,0
104406,1
104407,0
104408,0
104409,0
104410,0
104411,0
104412,0
104413,0
104414,0
104415,0
104416,0
104417,0
104418,0
104419,1
104420,1
104421,0
104422,1
104423,0
104424,0
104425,1
104426,1
104427,1
104428,0
104429,1
104430,1
104431,0
104432,0
104433,1
104434,0
104435,0
104436,0
104437,0
104438,0
104439,0
104440,0
104441,0
104442,0
104443,0
104444,1
104445,0
104446,0
104447,0
104448,1
104449,1
104450,0
104451,1
104452,0
104453,1
104454,0
104455,0
104456,0
104457,0
104458,0
104459,0
104460,1
104461,0
104462,0
104463,0
104464,0
104465,0
104466,0
104467,0
104468,0
104469,0
104470,1
104471,0
104472,0
104473,0
104474,0
104475,1
104476,0
104477,0
104478,1
104479,1
104480,0
104481,1
104482,1
104483,0
104484,0
104485,0
104486,0
104487,1
104488,0
104489,0
104490,0
104491,1
104492,1
104493,0
104494,1
104495,0
104496,1
104497,0
104498,0
104499,0
104500,0
104501,0
104502,0
104503,1
104504,0
104505,0
104506,0
104507,0
104508,1
104509,0
104510,0
104511,0
104512,0
104513,0
104514,1
104515,0
104516,0
104517,0
104518,0
104519,0
104520,1
104521,0
104522,0
104523,0
104524,0
104525,1
104526,0
104527,0
104528,1
104529,0
104530,0
104531,0
104532,0
104533,0
104534,0
104535,0
104536,1
104537,0
104538,0
104539,0
104540,0
104541,0
104542,1
104543,1
104544,0
104545,0
104546,1
104547,0
104548,1
104549,0
104550,1
104551,0
104552,0
104553,0
104554,1
104555,0
104556,0
104557,0
104558,0
104559,0
104560,1
104561,0
104562,0
104563,0
104564,1
104565,1
104566,1
104567,0
104568,1
104569,0
104570,0
104571,0
104572,0
104573,0
104574,0
104575,0
104576,0
104577,1
104578,0
104579,0
104580,0
104581,0
104582,0
104583,0
104584,0
104585,0
104586,0
104587,0
104588,0
104589,0
104590,0
104591,0
104592,0
104593,0
104594,0
104595,0
104596,0
104597,0
104598,0
104599,1
104600,0
104601,0
104602,0
104603,0
104604,0
104605,0
104606,0
104607,1
104608,0
104609,0
104610,0
104611,0
104612,0
104613,0
104614,0
104615,0
104616,0
104617,0
104618,0
104619,1
104620,0
104621,0
104622,0
104623,0
104624,1
104625,0
104626,1
104627,0
104628,0
104629,0
104630,1
104631,0
104632,0
104633,0
104634,0
104635,0
104636,0
104637,1
104638,0
104639,0
104640,1
104641,1
104642,0
104643,0
104644,0
104645,1
104646,1
104647,1
104648,0
104649,0
104650,1
104651,0
104652,0
104653,0
104654,0
104655,1
104656,1
104657,0
104658,1
104659,0
104660,1
104661,0
104662,0
104663,0
104664,0
104665,0
104666,0
104667,0
104668,1
104669,0
104670,0
104671,1
104672,0
104673,0
104674,0
104675,1
104676,0
104677,0
104678,0
104679,0
104680,0
104681,0
104682,0
104683,0
104684,0
104685,1
104686,0
104687,0
104688,1
104689,0
104690,0
104691,0
104692,0
104693,0
104694,1
104695,0
104696,0
104697,1
104698,0
104699,0
104700,0
104701,0
104702,0
104703,0
104704,0
104705,0
104706,0
104707,0
104708,0
104709,0
104710,1
104711,0
104712,0
104713,0
104714,0
104715,0
104716,0
104717,0
104718,0
104719,0
104720,0
104721,0
104722,0
104723,0
104724,1
104725,0
104726,0
104727,0
104728,1
104729,0
104730,0
104731,1
104732,0
104733,1
104734,0
104735,0
104736,0
104737,0
104738,1
104739,0
104740,1
104741,1
104742,1
104743,0
104744,0
104745,1
104746,0
104747,0
104748,1
104749,1
104750,1
104751,1
104752,1
104753,0
104754,0
104755,0
104756,0
104757,0
104758,0
104759,0
104760,0
104761,0
104762,0
104763,1
104764,0
104765,0
104766,0
104767,0
104768,1
104769,0
104770,0
104771,1
104772,0
104773,0
104774,1
104775,0
104776,0
104777,1
104778,0
104779,0
104780,0
104781,0
104782,0
104783,0
104784,0
104785,0
104786,0
104787,0
104788,0
104789,0
104790,0
104791,0
104792,0
104793,0
104794,1
104795,0
104796,0
104797,0
104798,1
104799,0
104800,0
104801,0
104802,1
104803,1
104804,0
104805,0
104806,0
104807,1
104808,0
104809,0
104810,0
104811,0
104812,0
104813,1
104814,1
104815,0
104816,0
104817,1
104818,0
104819,0
104820,1
104821,0
104822,0
104823,0
104824,0
104825,0
104826,0
104827,1
104828,1
104829,1
104830,0
104831,1
104832,1
104833,0
104834,0
104835,1
104836,1
104837,0
104838,1
104839,0
104840,0
104841,0
104842,1
104843,0
104844,1
104845,0
104846,0
104847,0
104848,0
104849,0
104850,1
104851,0
104852,1
104853,0
104854,0
104855,0
104856,0
104857,0
104858,0
104859,0
104860,1
104861,0
104862,0
104863,0
104864,0
104865,0
104866,0
104867,0
104868,0
104869,1
104870,0
104871,0
104872,1
104873,0
104874,0
104875,0
104876,0
104877,1
104878,1
104879,0
104880,0
104881,0
104882,0
104883,1
104884,1
104885,0
104886,0
104887,0
104888,0
104889,0
104890,0
104891,0
104892,0
104893,1
104894,0
104895,0
104896,0
104897,0
104898,0
104899,0
104900,0
104901,0
104902,0
104903,0
104904,0
104905,1
104906,0
104907,0
104908,0
104909,0
104910,0
104911,0
104912,1
104913,0
104914,1
104915,0
104916,0
104917,1
104918,0
104919,1
104920,0
104921,0
104922,0
104923,1
104924,0
104925,0
104926,0
104927,1
104928,0
104929,0
104930,0
104931,0
104932,1
104933,0
104934,0
104935,0
104936,0
104937,1
104938,0
104939,1
104940,0
104941,0
104942,1
104943,0
104944,0
104945,0
104946,0
104947,0
104948,0
104949,1
104950,0
104951,0
104952,0
104953,0
104954,0
104955,1
104956,0
104957,0
104958,0
104959,0
104960,0
104961,1
104962,1
104963,0
104964,0
104965,0
104966,0
104967,0
104968,0
104969,0
104970,0
104971,0
104972,0
104973,0
104974,1
104975,0
104976,0
104977,1
104978,1
104979,0
104980,0
104981,0
104982,1
104983,0
104984,0
104985,0
104986,0
104987,0
104988,1
104989,0
104990,0
104991,0
104992,0
104993,0
104994,1
104995,0
104996,0
104997,0
104998,0
104999,0
105000,0
