customer_id,clv
100001,22888.08
100002,6077.02
100003,4654.44
100004,17744.23
100005,9017.77
100006,4560.26
100007,8339.33
100008,4152.65
100009,14628.63
100010,7361.36
100011,4536.03
100012,3764.94
100013,6590.31
100014,5592.24
100015,9536.94
100016,11974.59
100017,9467.7
100018,6814.66
100019,3102.61
100020,9304.5
100021,2693.42
100022,14142.23
100023,2576.63
100024,9785.12
100025,6461.08
100026,8946.8
100027,6352.85
100028,11944.53
100029,5544.16
100030,17582.39
100031,7347.87
100032,7592.73
100033,8096.74
100034,7864.23
100035,5769.82
100036,9116.21
100037,25405.96
100038,18002.62
100039,4010.97
100040,4461.28
100041,10766.45
100042,3501.17
100043,2855.32
100044,8627.73
100045,2493.12
100046,2674.61
100047,2436.08
100048,19365.4
100049,2147.02
100050,10220.88
100051,15579.52
100052,8947.61
100053,4029.53
100054,8985.01
100055,11291.24
100056,9508.36
100057,10563.75
100058,4212.89
100059,10282.37
100060,6987.21
100061,1931.16
100062,3444.56
100063,3493.04
100064,7640.09
100065,8921.35
100066,7388.1
100067,3369.03
100068,6843.89
100069,1309.67
100070,5174.32
100071,11055.08
100072,9600.88
100073,6880.02
100074,7456.1
100075,4275.75
100076,6068.82
100077,11720.59
100078,8669.59
100079,6665.18
100080,10313.0
100081,5725.58
100082,6233.6
100083,9362.57
100084,5418.43
100085,2998.68
100086,10091.75
100087,7267.14
100088,12618.92
100089,4001.51
100090,5548.64
100091,15877.67
100092,11282.7
100093,8873.64
100094,13022.02
100095,4324.3
100096,3703.77
100097,8869.44
100098,11241.64
100099,4281.04
100100,14074.96
100101,7651.22
100102,6439.62
100103,8797.12
100104,7273.09
100105,16541.48
100106,15691.66
100107,4975.47
100108,4397.26
100109,5964.57
100110,1439.46
100111,12937.92
100112,7099.91
100113,6703.45
100114,4876.47
100115,4933.48
100116,6223.38
100117,4231.25
100118,3815.79
100119,2258.82
100120,3532.89
100121,9585.03
100122,8453.82
100123,10535.13
100124,1719.15
100125,724.34
100126,10242.06
100127,7459.14
100128,3612.0
100129,2697.95
100130,1803.57
100131,2027.01
100132,10021.88
100133,4537.6
100134,8680.03
100135,3267.85
100136,8551.89
100137,7642.88
100138,5062.06
100139,7376.92
100140,7160.92
100141,5840.55
100142,4067.94
100143,3314.47
100144,17907.39
100145,3639.23
100146,15385.85
100147,18178.56
100148,10096.14
100149,7168.93
100150,1779.86
100151,714.81
100152,10401.91
100153,6125.9
100154,10573.87
100155,8432.27
100156,4166.02
100157,9723.19
100158,4882.81
100159,2721.89
100160,4826.1
100161,6531.57
100162,3793.56
100163,5460.75
100164,6080.58
100165,8460.64
100166,17642.99
100167,8157.71
100168,19345.41
100169,10042.2
100170,6752.52
100171,5148.07
100172,16278.78
100173,6460.83
100174,4625.95
100175,1327.27
100176,8654.9
100177,11123.01
100178,3692.64
100179,5877.87
100180,4720.31
100181,4311.85
100182,8141.48
100183,3471.52
100184,1101.09
100185,7536.83
100186,3150.24
100187,3810.18
100188,6705.87
100189,15127.97
100190,11806.9
100191,10746.4
100192,2388.44
100193,8287.08
100194,10966.26
100195,7695.11
100196,5555.36
100197,8707.65
100198,5119.12
100199,8006.85
100200,4909.55
100201,5842.06
100202,3729.4
100203,5847.81
100204,7520.44
100205,3829.87
100206,3274.95
100207,10109.99
100208,8266.68
100209,3509.3
100210,6907.85
100211,7155.13
100212,10162.15
100213,13141.57
100214,2331.7
100215,12509.41
100216,1899.24
100217,11463.87
100218,1447.14
100219,7794.77
100220,8665.09
100221,5942.33
100222,20881.43
100223,13337.24
100224,4280.07
100225,5918.43
100226,10074.83
100227,8269.18
100228,3796.5
100229,5011.32
100230,9765.59
100231,13073.77
100232,9893.14
100233,9151.86
100234,3472.27
100235,12298.89
100236,7255.51
100237,3449.98
100238,12611.32
100239,3372.46
100240,5733.23
100241,4878.2
100242,13726.2
100243,6013.74
100244,2972.19
100245,9497.75
100246,5075.73
100247,3591.6
100248,9018.74
100249,7067.22
100250,7933.69
100251,4997.96
100252,5709.05
100253,6316.22
100254,7335.8
100255,1103.47
100256,8312.06
100257,5068.1
100258,7064.1
100259,10538.06
100260,3035.61
100261,7008.69
100262,3128.57
100263,3329.2
100264,5536.76
100265,6706.62
100266,7612.85
100267,8571.49
100268,4627.39
100269,18846.25
100270,5695.33
100271,8733.53
100272,13301.44
100273,11837.12
100274,10903.63
100275,15340.26
100276,10187.93
100277,6345.67
100278,3427.04
100279,9406.61
100280,9071.54
100281,3333.54
100282,2803.43
100283,7717.68
100284,18760.58
100285,12549.54
100286,6299.74
100287,5753.75
100288,5519.5
100289,9152.37
100290,10970.97
100291,8804.22
100292,4750.83
100293,19365.78
100294,3617.68
100295,5430.27
100296,10987.22
100297,4691.81
100298,11379.24
100299,6344.41
100300,5186.94
100301,5466.45
100302,6783.18
100303,7294.36
100304,10194.77
100305,2414.01
100306,4464.97
100307,3496.08
100308,15587.94
100309,6353.85
100310,11441.59
100311,4401.97
100312,6205.35
100313,15479.74
100314,12360.01
100315,4236.35
100316,6198.51
100317,4950.77
100318,17666.31
100319,5772.98
100320,9171.59
100321,5779.47
100322,3920.65
100323,5289.63
100324,18636.24
100325,3242.75
100326,3536.76
100327,8333.69
100328,9826.97
100329,16008.97
100330,4396.72
100331,15034.96
100332,10020.27
100333,6264.54
100334,9254.41
100335,3338.51
100336,7837.83
100337,4584.54
100338,1509.47
100339,4999.05
100340,1423.59
100341,4009.09
100342,3117.36
100343,1787.6
100344,1345.71
100345,11293.68
100346,4911.42
100347,11111.78
100348,6023.09
100349,3677.7
100350,8952.75
100351,15508.34
100352,4319.53
100353,3415.31
100354,5789.35
100355,7034.33
100356,3760.04
100357,11704.89
100358,14908.52
100359,9679.54
100360,10095.63
100361,4449.16
100362,6293.95
100363,6495.43
100364,13669.26
100365,11895.42
100366,7179.58
100367,2803.73
100368,7997.64
100369,9418.25
100370,9106.59
100371,4459.88
100372,8206.83
100373,6047.0
100374,14031.77
100375,3994.38
100376,4797.44
100377,5955.57
100378,7603.29
100379,4479.89
100380,4470.54
100381,3524.77
100382,14120.7
100383,7108.08
100384,9646.21
100385,2070.58
100386,4693.85
100387,13261.52
100388,4244.02
100389,2829.06
100390,9844.23
100391,13668.78
100392,5353.24
100393,3016.81
100394,20624.3
100395,19587.59
100396,13251.94
100397,9400.94
100398,1699.2
100399,3973.88
100400,3360.77
100401,4277.56
100402,6245.37
100403,12937.83
100404,3082.51
100405,10327.29
100406,10660.83
100407,13111.04
100408,4595.22
100409,8175.93
100410,3078.05
100411,6079.77
100412,6279.93
100413,13217.57
100414,13162.37
100415,10809.1
100416,5020.15
100417,6086.46
100418,28416.25
100419,4608.9
100420,5685.2
100421,6270.15
100422,2885.56
100423,3301.49
100424,2736.07
100425,4918.88
100426,8060.94
100427,9928.25
100428,7591.86
100429,4819.01
100430,3159.66
100431,7299.1
100432,8918.22
100433,11329.08
100434,6756.42
100435,5551.54
100436,16447.18
100437,11462.83
100438,2898.26
100439,10556.15
100440,7893.76
100441,11803.43
100442,4264.69
100443,5774.91
100444,9766.99
100445,5308.76
100446,6315.75
100447,3828.7
100448,4654.73
100449,4467.89
100450,9350.94
100451,3748.41
100452,11574.32
100453,7953.61
100454,2373.77
100455,4164.68
100456,6960.97
100457,11172.77
100458,13034.19
100459,6355.04
100460,4552.57
100461,9849.91
100462,5148.5
100463,11254.25
100464,4910.27
100465,2052.49
100466,4608.0
100467,2507.81
100468,4083.87
100469,11334.38
100470,8492.08
100471,9478.39
100472,4239.39
100473,4788.53
100474,6013.41
100475,2799.4
100476,5909.45
100477,4272.74
100478,12080.72
100479,2529.23
100480,4430.17
100481,8580.6
100482,2849.41
100483,3358.28
100484,11602.7
100485,19735.3
100486,8365.6
100487,3375.82
100488,2350.2
100489,6410.46
100490,2794.48
100491,2163.25
100492,4546.47
100493,10610.97
100494,6926.21
100495,7860.72
100496,8518.24
100497,2071.94
100498,2465.88
100499,4822.46
100500,5441.7
100501,5140.07
100502,1375.76
100503,11197.26
100504,5865.91
100505,4109.85
100506,20011.24
100507,3548.43
100508,3172.44
100509,9586.25
100510,13481.79
100511,4110.1
100512,11502.43
100513,6683.53
100514,19955.15
100515,3580.82
100516,10018.77
100517,6803.68
100518,2458.12
100519,11184.83
100520,5737.42
100521,2207.97
100522,5277.98
100523,4652.31
100524,4260.31
100525,7094.65
100526,11186.92
100527,8327.41
100528,3708.4
100529,7194.78
100530,11428.84
100531,1714.66
100532,2306.46
100533,3241.58
100534,4235.45
100535,9861.04
100536,7182.5
100537,6483.76
100538,10377.7
100539,12678.3
100540,5048.25
100541,4348.97
100542,4113.89
100543,4739.86
100544,4275.67
100545,10974.05
100546,3653.07
100547,7307.4
100548,6181.73
100549,18205.76
100550,16018.93
100551,7382.39
100552,6033.89
100553,10720.74
100554,14242.06
100555,8610.66
100556,4848.97
100557,2328.29
100558,7117.73
100559,4460.33
100560,6176.61
100561,5916.24
100562,4948.65
100563,3512.19
100564,4448.55
100565,15872.59
100566,5168.39
100567,10676.94
100568,10010.92
100569,5754.96
100570,8411.2
100571,9497.34
100572,8771.66
100573,4958.6
100574,8535.83
100575,4332.96
100576,5608.29
100577,6867.9
100578,10140.37
100579,4381.99
100580,11486.67
100581,6450.57
100582,5129.65
100583,5096.59
100584,6782.19
100585,6066.76
100586,13365.16
100587,1082.41
100588,6373.21
100589,14339.0
100590,9891.73
100591,13255.21
100592,2062.92
100593,3344.48
100594,11488.24
100595,4902.68
100596,13016.45
100597,23615.02
100598,8831.62
100599,6733.43
100600,4885.55
100601,18888.41
100602,5202.32
100603,7767.93
100604,2030.29
100605,1452.16
100606,10031.1
100607,7783.53
100608,5477.81
100609,5127.97
100610,8415.39
100611,3397.79
100612,6791.22
100613,3794.74
100614,8907.64
100615,10104.52
100616,6456.23
100617,3698.25
100618,9144.46
100619,3145.29
100620,14363.37
100621,5579.63
100622,8572.09
100623,7377.08
100624,2000.48
100625,18022.18
100626,4565.64
100627,7953.71
100628,5303.42
100629,5969.69
100630,2450.02
100631,12298.15
100632,5219.17
100633,7297.55
100634,2190.33
100635,2378.99
100636,6114.82
100637,4956.54
100638,13869.56
100639,8694.4
100640,10500.81
100641,1519.0
100642,1303.42
100643,6202.61
100644,3161.47
100645,5584.75
100646,7139.14
100647,6614.52
100648,11838.47
100649,2905.19
100650,4357.73
100651,4075.84
100652,10461.49
100653,4986.76
100654,7141.54
100655,9459.78
100656,2733.39
100657,1830.6
100658,3445.16
100659,4123.85
100660,5907.71
100661,4410.05
100662,13801.06
100663,4819.38
100664,3981.2
100665,5097.24
100666,2340.69
100667,4634.95
100668,2370.73
100669,6595.95
100670,12083.84
100671,8345.27
100672,16052.63
100673,5925.55
100674,11452.88
100675,3102.32
100676,804.02
100677,10125.28
100678,2915.67
100679,5226.63
100680,6348.55
100681,8420.3
100682,4386.73
100683,22252.46
100684,4038.24
100685,7443.52
100686,6419.13
100687,8105.64
100688,1972.66
100689,11759.38
100690,10260.19
100691,2853.99
100692,11347.75
100693,4079.79
100694,4196.31
100695,4111.98
100696,6748.63
100697,9735.61
100698,4622.57
100699,7792.03
100700,25556.12
100701,6774.25
100702,11215.45
100703,7068.0
100704,2196.02
100705,15342.02
100706,5148.68
100707,5699.74
100708,12704.99
100709,10076.61
100710,10261.2
100711,14016.17
100712,1829.09
100713,2244.34
100714,12768.16
100715,2242.91
100716,8005.74
100717,8139.32
100718,8060.85
100719,2505.2
100720,9700.56
100721,8739.18
100722,10616.41
100723,12929.01
100724,5190.22
100725,12930.98
100726,15806.89
100727,13659.06
100728,12498.19
100729,10447.43
100730,2397.46
100731,5125.84
100732,5037.17
100733,4094.89
100734,19650.88
100735,4862.88
100736,722.24
100737,2092.5
100738,12685.53
100739,2615.28
100740,15208.95
100741,8327.62
100742,5611.49
100743,9336.67
100744,8156.62
100745,6549.81
100746,3200.4
100747,5687.92
100748,13668.77
100749,6685.63
100750,5307.16
100751,3047.39
100752,5376.25
100753,1552.62
100754,9290.97
100755,15207.23
100756,9806.09
100757,5149.84
100758,9918.09
100759,5166.09
100760,1336.06
100761,6149.45
100762,11056.32
100763,12795.66
100764,2378.15
100765,4309.11
100766,17422.31
100767,4720.56
100768,8692.35
100769,6564.09
100770,16177.6
100771,3936.9
100772,11084.3
100773,7450.58
100774,4434.62
100775,8600.49
100776,9614.0
100777,5665.73
100778,4565.11
100779,5580.7
100780,11047.64
100781,8016.74
100782,5897.71
100783,12238.57
100784,10405.36
100785,2654.71
100786,11576.63
100787,8396.14
100788,2840.17
100789,5199.8
100790,10222.97
100791,6789.41
100792,5851.76
100793,5217.1
100794,5168.82
100795,10194.55
100796,6684.46
100797,5291.04
100798,4346.67
100799,8840.33
100800,5702.13
100801,8682.5
100802,3573.67
100803,3563.92
100804,9604.85
100805,2437.06
100806,5152.27
100807,6038.87
100808,7474.81
100809,19336.46
100810,1522.42
100811,3838.49
100812,1129.41
100813,10926.91
100814,2782.17
100815,6079.99
100816,5004.49
100817,18379.88
100818,11879.34
100819,2536.53
100820,8788.01
100821,10615.98
100822,6753.28
100823,3040.71
100824,7864.29
100825,2542.88
100826,5944.24
100827,3073.96
100828,2124.01
100829,3774.25
100830,4555.07
100831,4310.82
100832,3145.91
100833,8045.67
100834,15258.43
100835,6645.14
100836,4928.79
100837,5845.03
100838,11250.26
100839,4480.75
100840,8003.41
100841,6991.63
100842,6241.07
100843,8803.4
100844,2187.71
100845,8178.45
100846,8378.9
100847,7282.89
100848,5475.55
100849,7471.04
100850,8962.53
100851,13040.01
100852,9813.89
100853,5960.57
100854,5493.2
100855,4242.52
100856,13100.82
100857,3999.93
100858,6659.74
100859,10981.76
100860,12117.79
100861,5501.7
100862,5551.89
100863,5993.96
100864,11366.97
100865,5536.08
100866,4893.54
100867,6323.88
100868,3103.41
100869,1628.79
100870,15852.37
100871,13806.6
100872,7037.33
100873,3513.9
100874,476.89
100875,8142.04
100876,10742.66
100877,11934.7
100878,1843.68
100879,3376.88
100880,8927.79
100881,4805.03
100882,5315.58
100883,4381.97
100884,2632.79
100885,4175.16
100886,4960.59
100887,9960.39
100888,6984.18
100889,4028.19
100890,12650.5
100891,14718.22
100892,2432.64
100893,4393.4
100894,7988.5
100895,4023.46
100896,7157.24
100897,14822.1
100898,10243.0
100899,2505.83
100900,4652.49
100901,3549.52
100902,6311.71
100903,4939.88
100904,9249.1
100905,7478.07
100906,9869.22
100907,9809.01
100908,13297.52
100909,6517.62
100910,7376.78
100911,11009.82
100912,7360.02
100913,6450.11
100914,1280.6
100915,5418.18
100916,3301.68
100917,4535.43
100918,10293.5
100919,2575.16
100920,3476.51
100921,10280.19
100922,9641.21
100923,3294.97
100924,10298.83
100925,1943.07
100926,2255.11
100927,3612.37
100928,5906.86
100929,4877.68
100930,16450.35
100931,7224.89
100932,5068.83
100933,4516.55
100934,9094.33
100935,13802.53
100936,5871.36
100937,3212.37
100938,7801.41
100939,7447.61
100940,11356.69
100941,3032.72
100942,3924.58
100943,2754.79
100944,14613.3
100945,5716.67
100946,4074.62
100947,8371.69
100948,2164.12
100949,3178.84
100950,6423.64
100951,12407.38
100952,2505.68
100953,6137.8
100954,4776.66
100955,5215.91
100956,4465.17
100957,3529.56
100958,11402.23
100959,12239.4
100960,18591.2
100961,3027.54
100962,3724.86
100963,5412.57
100964,1031.33
100965,5276.19
100966,3282.78
100967,2209.01
100968,5666.9
100969,5679.88
100970,871.74
100971,5560.95
100972,10349.49
100973,2460.09
100974,3407.73
100975,2517.93
100976,7621.38
100977,4454.52
100978,4977.5
100979,4339.65
100980,4091.46
100981,9515.93
100982,588.72
100983,9898.55
100984,5989.7
100985,6367.85
100986,10652.38
100987,5096.64
100988,9466.35
100989,2904.51
100990,9165.55
100991,7439.81
100992,1698.39
100993,9275.48
100994,4345.41
100995,4214.46
100996,7410.62
100997,4656.62
100998,437.99
100999,4483.35
101000,3168.85
101001,12259.67
101002,5031.1
101003,5810.62
101004,16172.65
101005,10630.79
101006,3265.79
101007,3734.56
101008,7215.77
101009,4889.53
101010,4479.0
101011,7372.01
101012,7890.81
101013,10561.15
101014,11330.23
101015,5961.93
101016,4594.16
101017,4332.3
101018,3842.52
101019,10545.75
101020,9391.7
101021,7511.9
101022,3154.93
101023,3749.8
101024,4444.45
101025,13513.02
101026,11224.55
101027,5581.73
101028,7434.86
101029,7872.13
101030,6423.55
101031,13942.68
101032,7318.58
101033,12055.3
101034,1849.68
101035,7164.72
101036,5736.21
101037,4903.48
101038,5075.43
101039,10715.3
101040,7924.93
101041,6203.14
101042,5103.45
101043,12271.3
101044,10406.49
101045,5189.98
101046,6434.85
101047,3818.93
101048,6557.1
101049,9577.36
101050,9968.18
101051,3767.33
101052,7658.49
101053,9844.99
101054,1595.64
101055,20285.31
101056,4419.53
101057,16665.8
101058,9028.0
101059,5071.82
101060,7616.29
101061,10741.09
101062,7007.09
101063,16624.93
101064,4180.49
101065,4083.12
101066,8386.8
101067,15002.88
101068,8753.18
101069,5477.9
101070,4540.03
101071,6441.32
101072,7662.98
101073,2926.42
101074,1246.81
101075,2845.63
101076,11730.57
101077,4835.27
101078,14614.57
101079,6078.16
101080,5411.44
101081,6445.42
101082,3095.71
101083,3046.15
101084,2936.68
101085,20651.31
101086,2541.96
101087,2805.03
101088,5816.01
101089,12914.19
101090,6376.62
101091,9328.64
101092,2994.5
101093,2075.67
101094,13464.34
101095,5959.21
101096,7951.64
101097,1813.26
101098,5573.19
101099,3923.2
101100,9948.17
101101,6186.19
101102,5500.99
101103,3955.37
101104,12217.16
101105,3725.65
101106,8808.3
101107,2081.78
101108,6100.97
101109,10192.98
101110,6516.51
101111,5053.66
101112,4810.79
101113,11404.03
101114,7655.21
101115,4867.55
101116,15594.59
101117,23022.56
101118,7901.16
101119,18720.76
101120,10730.07
101121,10597.42
101122,3927.16
101123,6516.4
101124,5977.88
101125,7170.72
101126,3979.8
101127,5133.08
101128,6494.33
101129,7967.03
101130,9309.17
101131,4802.74
101132,4097.8
101133,7529.7
101134,4315.21
101135,4026.5
101136,3796.63
101137,4592.62
101138,4890.47
101139,3765.09
101140,8662.35
101141,3072.52
101142,13085.4
101143,7132.99
101144,6962.92
101145,20152.22
101146,6404.16
101147,2182.13
101148,3825.64
101149,25216.83
101150,5681.33
101151,3749.3
101152,6220.8
101153,1356.21
101154,3100.33
101155,4198.62
101156,5331.2
101157,19820.58
101158,2441.62
101159,9846.12
101160,3665.95
101161,11601.49
101162,24656.24
101163,14256.31
101164,7710.8
101165,9361.0
101166,10391.34
101167,11286.94
101168,9824.13
101169,1944.01
101170,4161.9
101171,2980.17
101172,6604.19
101173,8290.69
101174,14121.08
101175,1972.32
101176,1430.03
101177,6425.86
101178,3908.76
101179,1928.38
101180,10086.92
101181,5948.32
101182,10864.93
101183,4998.0
101184,8102.66
101185,4408.9
101186,3225.65
101187,4708.22
101188,3718.02
101189,8394.71
101190,7692.59
101191,9731.56
101192,2078.07
101193,3773.46
101194,14217.16
101195,6098.71
101196,10651.92
101197,10486.11
101198,8551.29
101199,6591.96
101200,10532.19
101201,7840.6
101202,3412.53
101203,5313.42
101204,5911.57
101205,3791.17
101206,3696.63
101207,5664.13
101208,4469.92
101209,4551.03
101210,5281.92
101211,7650.44
101212,7893.64
101213,11010.03
101214,12083.96
101215,6889.51
101216,4862.28
101217,11930.74
101218,8392.36
101219,6872.23
101220,7167.56
101221,4180.93
101222,18513.01
101223,15014.77
101224,2452.13
101225,9725.69
101226,9067.25
101227,3771.82
101228,9395.75
101229,7467.45
101230,3151.18
101231,7724.58
101232,5636.26
101233,8431.44
101234,2412.54
101235,3070.53
101236,11194.91
101237,4579.42
101238,9150.77
101239,5401.95
101240,4978.54
101241,19491.22
101242,7523.8
101243,8978.56
101244,6581.39
101245,13152.59
101246,2960.56
101247,4240.3
101248,13158.2
101249,3557.41
101250,3267.72
101251,4403.84
101252,7758.47
101253,12620.23
101254,4020.17
101255,5271.74
101256,10827.46
101257,6575.31
101258,5407.47
101259,1606.89
101260,7012.96
101261,2671.6
101262,15755.85
101263,5357.95
101264,8088.49
101265,8898.81
101266,9302.12
101267,6198.11
101268,4136.61
101269,4380.83
101270,7716.42
101271,14282.13
101272,12725.11
101273,2666.56
101274,3357.29
101275,1814.22
101276,8775.73
101277,5592.51
101278,10851.29
101279,10160.14
101280,7112.29
101281,5886.5
101282,3911.26
101283,3063.2
101284,4086.3
101285,8299.08
101286,21585.24
101287,9865.91
101288,12034.31
101289,5758.24
101290,4989.45
101291,7062.35
101292,4669.68
101293,11344.12
101294,3122.13
101295,11557.91
101296,12814.03
101297,1028.87
101298,7151.26
101299,2677.91
101300,12645.92
101301,7292.2
101302,4698.88
101303,5170.17
101304,7093.91
101305,1956.62
101306,8615.76
101307,3712.67
101308,6830.34
101309,7750.19
101310,4811.91
101311,5911.99
101312,2551.1
101313,5406.12
101314,10697.74
101315,4969.35
101316,11159.17
101317,6855.54
101318,2326.91
101319,1328.97
101320,5510.79
101321,8524.15
101322,4369.67
101323,8649.15
101324,9711.78
101325,6963.36
101326,10557.28
101327,4889.13
101328,5978.74
101329,12074.74
101330,6371.76
101331,9691.25
101332,7446.94
101333,2123.0
101334,2922.94
101335,8480.22
101336,11126.32
101337,5679.64
101338,25626.27
101339,16843.42
101340,12270.92
101341,17637.54
101342,6987.37
101343,10772.03
101344,4232.87
101345,10427.62
101346,7201.32
101347,5981.17
101348,6774.96
101349,7989.34
101350,2674.93
101351,7249.17
101352,4749.65
101353,10486.23
101354,4640.27
101355,2083.09
101356,10411.49
101357,19982.75
101358,12341.25
101359,6527.78
101360,3139.51
101361,6881.63
101362,2431.88
101363,2533.0
101364,13450.02
101365,4089.34
101366,9307.76
101367,8386.26
101368,3289.52
101369,6513.46
101370,2891.08
101371,2694.17
101372,4145.98
101373,5872.78
101374,2190.7
101375,7933.66
101376,4273.14
101377,1910.09
101378,1218.56
101379,12191.77
101380,4719.66
101381,12896.75
101382,10540.11
101383,8438.43
101384,3800.12
101385,5419.38
101386,7682.3
101387,5808.01
101388,5217.61
101389,12250.3
101390,3337.5
101391,3505.44
101392,11005.93
101393,14546.01
101394,7230.76
101395,11987.27
101396,5103.08
101397,7889.03
101398,16912.57
101399,14574.21
101400,7669.51
101401,2636.83
101402,3574.12
101403,4776.4
101404,2945.78
101405,3748.89
101406,5253.18
101407,8899.95
101408,12891.74
101409,12871.9
101410,9447.39
101411,11027.46
101412,6449.67
101413,11858.04
101414,7845.77
101415,15622.81
101416,9130.47
101417,6928.06
101418,12367.36
101419,9208.2
101420,7391.71
101421,5988.65
101422,3780.36
101423,5383.0
101424,8349.0
101425,6587.35
101426,22271.63
101427,9858.58
101428,2535.95
101429,3289.67
101430,14100.74
101431,8434.95
101432,4334.29
101433,4139.46
101434,5388.53
101435,5737.09
101436,15140.17
101437,5540.76
101438,5278.25
101439,13384.15
101440,1640.67
101441,7949.31
101442,8552.36
101443,19549.33
101444,3745.2
101445,4210.74
101446,6121.75
101447,4160.76
101448,11059.26
101449,11049.12
101450,10398.52
101451,9095.27
101452,9213.32
101453,6432.08
101454,1743.79
101455,4064.21
101456,12813.79
101457,7745.9
101458,2394.17
101459,5533.31
101460,8300.31
101461,11036.7
101462,6793.69
101463,4813.1
101464,7342.07
101465,5227.72
101466,9791.58
101467,5982.89
101468,6312.23
101469,8710.16
101470,5101.0
101471,19574.18
101472,8467.64
101473,4132.73
101474,4749.39
101475,4558.67
101476,9167.52
101477,1893.82
101478,9142.95
101479,6614.72
101480,17844.01
101481,10583.65
101482,11415.8
101483,11497.21
101484,6053.89
101485,8628.97
101486,17328.75
101487,10172.66
101488,6195.47
101489,5443.5
101490,7037.58
101491,8575.8
101492,11565.64
101493,2482.08
101494,14664.37
101495,15471.48
101496,8677.44
101497,2851.89
101498,16123.3
101499,4257.38
101500,7567.91
101501,4119.65
101502,1824.36
101503,14241.52
101504,5351.25
101505,3818.89
101506,14588.1
101507,3257.21
101508,7598.64
101509,4501.24
101510,10263.24
101511,8820.52
101512,7725.58
101513,6679.39
101514,2776.38
101515,5066.61
101516,14911.53
101517,9317.77
101518,8720.2
101519,4472.32
101520,4174.57
101521,12508.04
101522,4311.47
101523,2419.9
101524,7178.87
101525,6747.89
101526,11544.01
101527,10031.35
101528,8660.83
101529,9471.87
101530,2232.29
101531,9150.77
101532,3594.62
101533,5113.09
101534,7337.45
101535,2739.65
101536,2620.49
101537,13768.94
101538,5436.25
101539,5798.95
101540,10586.35
101541,5661.8
101542,2948.36
101543,8928.84
101544,3462.42
101545,9697.57
101546,3040.34
101547,2825.06
101548,7183.69
101549,3463.41
101550,7492.76
101551,2842.26
101552,5926.84
101553,5194.83
101554,5450.74
101555,4183.99
101556,10360.39
101557,2457.82
101558,7160.82
101559,6889.5
101560,3608.65
101561,5438.38
101562,10352.47
101563,13582.76
101564,11014.66
101565,3349.65
101566,13245.07
101567,2693.35
101568,8238.17
101569,3745.35
101570,1139.09
101571,15915.43
101572,5124.72
101573,1336.32
101574,3083.19
101575,4622.74
101576,7791.58
101577,16740.7
101578,8609.14
101579,5704.38
101580,3344.39
101581,1751.27
101582,6951.77
101583,10594.66
101584,11214.62
101585,13344.24
101586,943.56
101587,7955.43
101588,13003.12
101589,702.99
101590,2504.91
101591,5569.4
101592,8956.9
101593,5385.61
101594,4722.27
101595,20484.2
101596,7377.75
101597,7421.08
101598,6211.25
101599,4094.15
101600,3381.2
101601,2516.7
101602,5558.26
101603,7384.74
101604,2665.22
101605,4590.33
101606,6773.33
101607,4306.44
101608,17395.04
101609,6194.84
101610,1171.68
101611,2695.32
101612,3071.96
101613,8407.52
101614,3482.05
101615,8777.93
101616,5899.99
101617,2290.96
101618,9513.57
101619,9849.97
101620,10214.07
101621,6696.8
101622,6089.67
101623,1193.31
101624,11240.26
101625,14203.62
101626,10813.73
101627,3843.73
101628,7885.48
101629,10147.06
101630,8743.06
101631,9658.05
101632,8968.71
101633,6713.78
101634,8582.78
101635,5196.66
101636,2942.79
101637,13913.38
101638,1089.26
101639,6368.35
101640,9851.13
101641,1836.81
101642,5521.9
101643,10908.91
101644,4965.03
101645,14947.57
101646,2242.14
101647,2621.48
101648,16806.37
101649,3013.0
101650,3373.51
101651,12112.92
101652,5773.84
101653,3609.23
101654,3521.05
101655,4112.03
101656,4152.53
101657,9906.52
101658,5477.69
101659,6237.28
101660,4403.13
101661,8202.62
101662,8715.51
101663,17824.36
101664,12391.81
101665,17097.33
101666,5949.4
101667,7005.99
101668,13351.84
101669,6524.21
101670,1538.28
101671,6216.78
101672,1261.03
101673,9141.57
101674,7499.41
101675,7013.19
101676,17561.04
101677,6487.82
101678,4521.72
101679,6980.39
101680,7217.13
101681,14158.92
101682,5652.06
101683,9183.41
101684,4540.91
101685,3061.77
101686,7374.82
101687,2678.45
101688,9360.94
101689,11982.9
101690,4107.43
101691,7530.5
101692,4558.22
101693,7126.66
101694,3437.76
101695,6829.96
101696,7721.15
101697,7634.5
101698,5155.04
101699,8421.62
101700,4182.96
101701,2963.22
101702,6731.8
101703,5957.93
101704,6075.76
101705,9290.44
101706,5331.69
101707,14096.67
101708,7280.69
101709,5472.95
101710,14743.4
101711,9616.67
101712,7596.0
101713,4007.95
101714,4833.2
101715,6372.68
101716,1724.75
101717,4051.03
101718,7226.99
101719,6597.98
101720,8707.62
101721,4776.74
101722,4310.03
101723,5487.73
101724,5264.82
101725,10536.22
101726,1640.28
101727,4242.23
101728,6133.33
101729,5793.07
101730,1886.88
101731,4490.23
101732,5542.42
101733,8867.27
101734,26664.86
101735,8023.14
101736,7140.51
101737,2799.87
101738,19370.22
101739,7628.11
101740,7104.53
101741,4595.58
101742,5470.65
101743,2008.31
101744,4719.15
101745,5820.37
101746,4272.51
101747,12070.19
101748,9898.09
101749,12494.79
101750,6652.39
101751,6908.99
101752,6995.62
101753,9339.69
101754,11263.19
101755,7947.44
101756,3176.9
101757,4215.11
101758,2856.61
101759,4485.68
101760,14760.6
101761,16678.0
101762,7838.83
101763,2490.89
101764,5646.55
101765,16118.17
101766,2374.08
101767,4821.56
101768,3519.07
101769,10624.59
101770,4355.82
101771,2356.69
101772,15476.26
101773,3010.37
101774,4865.4
101775,3830.64
101776,17445.04
101777,9222.43
101778,5280.13
101779,6196.58
101780,12047.67
101781,2785.58
101782,1058.39
101783,8106.58
101784,7000.36
101785,871.4
101786,7792.47
101787,7651.75
101788,2419.54
101789,3664.04
101790,11753.93
101791,3656.4
101792,12434.37
101793,11096.98
101794,6316.25
101795,5426.19
101796,12334.84
101797,8019.97
101798,14816.81
101799,10289.75
101800,11464.06
101801,6474.5
101802,2352.31
101803,4563.37
101804,8825.6
101805,11961.23
101806,5525.67
101807,13045.91
101808,4119.24
101809,8400.45
101810,5072.78
101811,5519.59
101812,9512.4
101813,11081.82
101814,1997.26
101815,9048.32
101816,2762.26
101817,22815.83
101818,7249.89
101819,13695.17
101820,1708.52
101821,7597.61
101822,13470.79
101823,7011.3
101824,4126.4
101825,5344.22
101826,7967.18
101827,1096.85
101828,9599.27
101829,14971.64
101830,3939.88
101831,12540.17
101832,18915.07
101833,3892.77
101834,8251.51
101835,7668.9
101836,13436.92
101837,7236.97
101838,7794.49
101839,2544.35
101840,2340.59
101841,10902.08
101842,5220.05
101843,6909.73
101844,10469.02
101845,6093.82
101846,9116.07
101847,6520.23
101848,394.07
101849,13369.28
101850,3348.06
101851,13024.4
101852,16219.34
101853,11774.32
101854,1677.8
101855,6270.6
101856,5515.0
101857,3649.37
101858,11632.09
101859,4992.3
101860,14145.06
101861,14374.96
101862,13769.09
101863,27551.63
101864,6357.93
101865,6296.0
101866,6736.4
101867,12244.25
101868,5828.44
101869,3615.52
101870,2209.4
101871,10057.62
101872,6214.23
101873,21847.78
101874,7037.95
101875,2340.56
101876,7044.94
101877,5536.63
101878,12671.21
101879,9889.03
101880,4182.82
101881,3261.48
101882,5133.92
101883,4306.65
101884,13282.5
101885,18911.35
101886,10940.2
101887,12376.09
101888,2518.62
101889,2635.22
101890,12209.32
101891,9016.47
101892,12101.58
101893,9717.32
101894,1630.12
101895,9843.28
101896,4084.44
101897,12640.11
101898,9057.9
101899,4432.43
101900,2678.62
101901,13281.76
101902,5136.97
101903,7461.14
101904,10070.16
101905,3274.48
101906,3475.99
101907,3044.08
101908,10513.07
101909,5963.42
101910,8620.95
101911,3031.65
101912,2686.34
101913,4043.78
101914,5621.73
101915,17419.64
101916,3804.53
101917,2908.06
101918,4453.08
101919,1541.44
101920,5470.71
101921,4135.72
101922,10728.54
101923,14858.78
101924,13898.43
101925,4565.4
101926,1086.21
101927,9599.9
101928,7821.86
101929,15876.23
101930,10908.38
101931,9245.27
101932,4478.07
101933,3666.24
101934,12857.09
101935,5197.58
101936,2033.0
101937,9708.86
101938,6326.08
101939,13178.02
101940,6951.18
101941,3096.38
101942,10556.5
101943,6281.72
101944,3953.03
101945,4351.22
101946,10667.67
101947,7250.34
101948,4966.92
101949,3570.47
101950,8644.56
101951,7161.83
101952,15870.57
101953,5329.07
101954,15173.82
101955,3588.4
101956,10233.78
101957,7677.2
101958,8089.72
101959,12343.0
101960,8867.65
101961,5267.72
101962,12895.76
101963,9726.45
101964,4139.8
101965,3930.07
101966,4088.99
101967,1633.41
101968,22248.7
101969,7279.7
101970,11157.37
101971,8796.12
101972,14483.19
101973,6211.76
101974,7811.29
101975,8451.88
101976,12618.04
101977,7003.42
101978,10792.96
101979,17755.38
101980,4261.63
101981,1948.38
101982,9638.09
101983,4841.86
101984,16716.15
101985,3521.07
101986,4328.22
101987,5665.67
101988,11917.52
101989,5199.67
101990,4997.29
101991,10509.09
101992,4132.89
101993,8915.24
101994,12334.64
101995,11516.62
101996,8803.13
101997,13123.92
101998,3866.14
101999,6892.27
102000,11123.92
102001,5871.27
102002,11726.26
102003,5515.77
102004,22276.53
102005,5427.08
102006,4453.65
102007,6605.76
102008,19259.68
102009,2913.07
102010,8273.27
102011,5541.27
102012,4546.7
102013,5674.97
102014,11583.59
102015,2724.46
102016,1739.14
102017,2090.69
102018,2394.58
102019,11069.88
102020,3348.84
102021,6161.85
102022,5329.26
102023,5537.82
102024,10640.18
102025,8078.44
102026,6919.48
102027,3848.09
102028,6526.62
102029,3608.93
102030,1585.5
102031,4389.25
102032,5925.82
102033,10212.33
102034,9331.69
102035,3875.28
102036,7762.11
102037,3443.53
102038,9462.31
102039,2156.4
102040,2831.88
102041,8168.45
102042,12077.33
102043,3636.89
102044,8058.25
102045,2062.29
102046,11267.31
102047,4378.29
102048,16635.39
102049,6225.33
102050,2755.04
102051,7214.38
102052,13617.45
102053,3764.02
102054,13428.02
102055,2923.62
102056,3809.33
102057,2830.43
102058,3314.53
102059,6951.27
102060,5760.98
102061,16297.86
102062,1905.34
102063,12443.73
102064,10018.66
102065,3140.86
102066,12331.15
102067,7610.75
102068,11701.76
102069,3771.82
102070,11889.02
102071,11114.78
102072,9750.15
102073,7269.54
102074,12378.42
102075,11048.44
102076,5124.84
102077,6866.31
102078,7610.07
102079,1675.6
102080,7270.65
102081,2431.63
102082,5394.27
102083,4145.02
102084,2958.84
102085,2687.79
102086,11997.33
102087,11007.78
102088,33699.49
102089,10672.24
102090,4347.18
102091,6397.38
102092,9972.95
102093,8765.74
102094,5502.27
102095,6827.42
102096,12371.12
102097,18408.98
102098,11491.42
102099,2644.98
102100,14037.24
102101,13832.46
102102,8621.56
102103,6260.32
102104,6875.19
102105,3620.88
102106,9936.61
102107,8484.32
102108,4253.76
102109,6489.33
102110,10028.87
102111,13932.84
102112,742.02
102113,3878.57
102114,11818.7
102115,6660.5
102116,4368.24
102117,5693.46
102118,9384.71
102119,16455.42
102120,6094.08
102121,3403.81
102122,4834.19
102123,6390.65
102124,15542.94
102125,8160.05
102126,2476.12
102127,1088.95
102128,8905.56
102129,4838.99
102130,10921.64
102131,6135.56
102132,5083.78
102133,4109.84
102134,8049.58
102135,16780.26
102136,7516.49
102137,3829.82
102138,5522.48
102139,10196.96
102140,2999.72
102141,1811.08
102142,8001.58
102143,7671.31
102144,6517.24
102145,6115.48
102146,13371.71
102147,7248.21
102148,11457.23
102149,5595.46
102150,4042.01
102151,3200.25
102152,6103.93
102153,2856.32
102154,3137.16
102155,4666.52
102156,1609.0
102157,2238.58
102158,4689.78
102159,7047.68
102160,11404.78
102161,4303.48
102162,11264.55
102163,6009.16
102164,7709.34
102165,12472.1
102166,12213.84
102167,10044.23
102168,12548.19
102169,12524.99
102170,8626.3
102171,9597.14
102172,8999.1
102173,3551.0
102174,2796.75
102175,7889.88
102176,6151.65
102177,6487.91
102178,5072.83
102179,10471.24
102180,5015.24
102181,7539.25
102182,11103.73
102183,3231.94
102184,6243.6
102185,5523.21
102186,6976.99
102187,9857.54
102188,8159.75
102189,10078.12
102190,12411.53
102191,11273.33
102192,3467.82
102193,2236.03
102194,15122.28
102195,9824.87
102196,11127.25
102197,2949.19
102198,4685.97
102199,7294.12
102200,3368.08
102201,13164.38
102202,7032.6
102203,4404.52
102204,12297.43
102205,5122.07
102206,3888.27
102207,8174.58
102208,2955.99
102209,12137.59
102210,24072.82
102211,4778.18
102212,16278.34
102213,4063.14
102214,2843.52
102215,9159.44
102216,7891.62
102217,4327.94
102218,9782.06
102219,2337.54
102220,3920.85
102221,9633.4
102222,6551.68
102223,3050.96
102224,23410.88
102225,10322.09
102226,8915.76
102227,8720.08
102228,7023.43
102229,4543.16
102230,10404.16
102231,5384.71
102232,10387.17
102233,7632.1
102234,9337.57
102235,9821.04
102236,6857.4
102237,3117.9
102238,8406.49
102239,3942.61
102240,6960.63
102241,7060.99
102242,17742.61
102243,14237.89
102244,3731.46
102245,7832.25
102246,4745.95
102247,6675.65
102248,8145.78
102249,8975.07
102250,7029.23
102251,3912.13
102252,4983.51
102253,7243.79
102254,4597.26
102255,16347.35
102256,11175.59
102257,2330.96
102258,1301.51
102259,7472.47
102260,6461.42
102261,9647.77
102262,7586.94
102263,14043.55
102264,6362.55
102265,14415.39
102266,3974.54
102267,6135.35
102268,8055.82
102269,1940.6
102270,5877.92
102271,6132.68
102272,9374.74
102273,10169.06
102274,6623.69
102275,6192.21
102276,14438.61
102277,8497.05
102278,9833.04
102279,7627.88
102280,6280.52
102281,2249.49
102282,2391.0
102283,6755.6
102284,4867.2
102285,1657.68
102286,3924.95
102287,810.82
102288,15903.13
102289,10682.57
102290,3495.37
102291,9988.45
102292,14548.0
102293,6966.03
102294,10064.89
102295,15957.29
102296,2116.83
102297,1892.97
102298,7071.7
102299,9616.11
102300,9640.65
102301,7814.09
102302,7236.81
102303,7355.69
102304,2986.17
102305,14026.58
102306,4758.68
102307,6047.25
102308,7002.39
102309,5395.26
102310,1472.51
102311,12795.17
102312,8777.69
102313,8150.87
102314,7902.91
102315,2860.1
102316,1783.09
102317,5202.72
102318,22223.07
102319,8539.01
102320,3472.14
102321,5852.45
102322,20010.05
102323,14579.25
102324,4402.13
102325,6127.28
102326,2908.06
102327,8347.28
102328,4525.22
102329,8819.43
102330,8016.83
102331,5885.04
102332,18553.91
102333,5096.44
102334,6145.03
102335,1408.47
102336,6212.66
102337,5435.92
102338,11548.19
102339,11377.44
102340,2187.1
102341,8877.98
102342,3173.79
102343,12746.43
102344,5690.66
102345,8009.91
102346,14589.64
102347,10183.65
102348,15011.97
102349,9691.14
102350,12358.76
102351,3274.89
102352,4068.1
102353,11363.75
102354,13532.87
102355,12156.41
102356,7507.16
102357,6647.23
102358,9136.97
102359,10253.65
102360,2092.1
102361,12844.43
102362,6163.7
102363,5200.98
102364,25301.81
102365,10292.78
102366,3395.06
102367,7002.42
102368,17422.91
102369,19337.04
102370,6850.82
102371,10983.11
102372,1851.11
102373,8885.67
102374,4191.31
102375,4351.5
102376,1192.3
102377,2451.18
102378,9259.65
102379,6700.68
102380,17904.58
102381,3568.6
102382,4904.12
102383,3935.8
102384,13603.2
102385,8981.47
102386,6147.78
102387,1816.28
102388,12368.49
102389,9229.08
102390,5711.82
102391,18317.87
102392,4395.66
102393,3118.8
102394,5299.48
102395,6021.37
102396,6147.73
102397,6423.91
102398,5759.91
102399,5354.94
102400,3212.5
102401,9756.44
102402,13903.77
102403,3169.32
102404,2457.05
102405,9957.22
102406,1832.48
102407,8912.17
102408,6621.67
102409,8947.39
102410,4814.81
102411,6972.71
102412,4448.44
102413,6248.61
102414,6282.83
102415,3800.34
102416,11055.26
102417,19333.83
102418,8409.8
102419,2437.72
102420,9408.57
102421,8211.62
102422,5499.19
102423,15469.59
102424,6200.6
102425,14080.73
102426,5377.06
102427,9944.64
102428,3207.84
102429,9061.94
102430,6920.49
102431,10756.55
102432,13417.0
102433,9350.76
102434,13162.11
102435,3492.89
102436,5109.79
102437,4086.37
102438,5770.66
102439,8906.73
102440,9191.29
102441,5925.91
102442,11037.03
102443,5349.48
102444,3547.32
102445,18075.16
102446,9615.01
102447,4044.69
102448,5409.36
102449,7021.2
102450,7585.82
102451,2002.35
102452,3466.77
102453,3292.0
102454,9366.57
102455,8318.42
102456,7787.96
102457,12833.94
102458,10972.64
102459,13104.82
102460,3462.94
102461,9235.51
102462,10977.67
102463,8244.13
102464,1977.0
102465,9740.48
102466,1446.88
102467,2956.1
102468,1860.03
102469,7964.76
102470,10682.54
102471,12584.43
102472,5249.43
102473,2337.85
102474,4118.77
102475,5441.56
102476,2899.56
102477,6827.99
102478,17921.48
102479,5325.8
102480,10200.87
102481,5449.72
102482,11853.75
102483,9910.54
102484,5079.61
102485,16694.67
102486,3516.35
102487,6559.54
102488,1532.36
102489,10983.4
102490,9221.13
102491,3173.96
102492,12013.75
102493,5180.03
102494,12570.26
102495,5499.65
102496,6661.01
102497,3608.18
102498,5509.67
102499,6217.35
102500,15452.65
102501,7242.11
102502,2069.28
102503,11853.17
102504,3967.18
102505,5704.8
102506,4518.72
102507,5686.07
102508,2726.72
102509,10759.8
102510,1918.05
102511,11712.85
102512,15612.7
102513,3222.36
102514,3962.93
102515,6902.15
102516,7682.9
102517,20698.68
102518,4703.64
102519,2333.23
102520,8312.33
102521,6644.94
102522,5276.27
102523,13593.13
102524,22436.02
102525,5887.77
102526,6729.48
102527,9380.87
102528,4506.49
102529,8335.62
102530,6481.37
102531,6765.86
102532,7452.83
102533,6600.41
102534,10243.07
102535,2736.39
102536,12002.78
102537,11853.86
102538,11797.45
102539,4271.87
102540,11819.12
102541,6033.4
102542,2954.2
102543,7063.67
102544,7299.91
102545,872.78
102546,5472.98
102547,4339.34
102548,3687.15
102549,2901.03
102550,1459.9
102551,14386.69
102552,13650.46
102553,4595.07
102554,4670.13
102555,5185.6
102556,7810.12
102557,4869.47
102558,3850.57
102559,6384.35
102560,16847.61
102561,17583.94
102562,4781.79
102563,16453.46
102564,11850.5
102565,6250.79
102566,2276.13
102567,14269.74
102568,6901.51
102569,7690.8
102570,5274.36
102571,4691.64
102572,13857.42
102573,15978.77
102574,4244.66
102575,4801.63
102576,7433.05
102577,2448.34
102578,6668.0
102579,10306.95
102580,14479.95
102581,6956.76
102582,6599.78
102583,13294.6
102584,6653.87
102585,9219.12
102586,14051.85
102587,10324.17
102588,3993.94
102589,4960.76
102590,12949.45
102591,4724.44
102592,7994.08
102593,6913.17
102594,8904.05
102595,7776.8
102596,5298.16
102597,15796.66
102598,6048.49
102599,7775.38
102600,13581.31
102601,8223.39
102602,9592.99
102603,4826.71
102604,3171.33
102605,5886.06
102606,769.35
102607,1195.56
102608,3052.16
102609,13266.04
102610,7275.69
102611,2743.55
102612,9823.59
102613,5341.69
102614,3141.28
102615,1365.61
102616,6406.52
102617,5153.65
102618,4027.97
102619,8580.66
102620,4367.96
102621,1843.53
102622,5509.21
102623,6337.48
102624,4348.23
102625,23513.73
102626,13797.51
102627,9858.12
102628,4021.94
102629,5389.09
102630,21753.68
102631,5696.01
102632,3394.99
102633,7811.93
102634,6741.15
102635,4211.19
102636,4225.24
102637,5274.16
102638,4721.22
102639,14187.89
102640,2597.04
102641,8341.77
102642,8578.57
102643,18919.83
102644,8847.39
102645,8147.61
102646,3114.08
102647,5451.79
102648,7527.2
102649,5406.83
102650,7305.18
102651,13921.29
102652,9876.51
102653,3486.09
102654,11023.37
102655,4160.32
102656,3852.09
102657,1341.32
102658,10028.94
102659,2963.82
102660,10430.98
102661,2517.3
102662,1058.4
102663,7579.21
102664,3358.87
102665,21156.53
102666,5396.4
102667,13937.51
102668,5856.22
102669,8660.84
102670,7675.16
102671,4528.66
102672,13491.25
102673,11552.04
102674,4176.84
102675,5049.63
102676,4901.47
102677,8079.93
102678,2649.36
102679,16369.64
102680,9282.05
102681,3103.8
102682,6569.63
102683,3317.37
102684,1120.99
102685,4263.41
102686,9034.24
102687,2621.41
102688,10243.2
102689,10784.3
102690,8996.21
102691,12272.75
102692,10940.32
102693,5026.92
102694,8027.1
102695,2891.05
102696,1948.36
102697,9562.33
102698,11230.26
102699,4832.38
102700,3129.88
102701,11821.75
102702,13731.5
102703,8939.63
102704,8983.33
102705,3390.33
102706,10819.42
102707,2635.0
102708,8792.98
102709,2406.37
102710,8245.46
102711,7718.49
102712,9754.25
102713,5047.86
102714,8443.18
102715,12288.52
102716,5640.56
102717,7498.41
102718,5793.07
102719,5175.07
102720,8185.62
102721,3215.77
102722,4006.38
102723,3242.07
102724,2229.11
102725,6603.06
102726,3539.38
102727,12124.98
102728,2956.82
102729,9015.87
102730,1792.55
102731,5741.45
102732,5001.41
102733,3468.34
102734,1444.88
102735,13983.5
102736,7158.64
102737,3457.11
102738,6039.44
102739,12905.6
102740,9743.96
102741,4863.94
102742,6619.83
102743,8096.8
102744,8340.24
102745,10757.29
102746,8920.0
102747,4277.69
102748,11776.57
102749,4125.94
102750,12892.83
102751,17423.51
102752,10183.23
102753,7152.86
102754,3889.15
102755,7102.93
102756,1425.96
102757,8772.36
102758,21002.8
102759,2086.8
102760,10573.13
102761,1977.33
102762,13776.68
102763,4037.5
102764,14650.88
102765,4970.21
102766,6055.68
102767,18541.87
102768,5232.17
102769,7120.83
102770,11079.02
102771,2407.43
102772,4408.73
102773,4302.65
102774,15139.45
102775,10040.81
102776,13339.02
102777,4129.61
102778,11320.34
102779,6186.77
102780,18693.27
102781,16173.52
102782,8698.51
102783,4532.85
102784,12414.63
102785,7943.98
102786,9196.62
102787,21269.02
102788,5086.52
102789,5854.34
102790,6875.85
102791,13829.82
102792,10251.98
102793,17262.18
102794,5284.52
102795,7209.55
102796,10261.42
102797,13579.78
102798,7343.93
102799,14150.52
102800,6881.72
102801,12126.16
102802,7545.61
102803,8810.66
102804,6093.59
102805,9653.73
102806,3896.43
102807,11269.03
102808,12041.16
102809,9191.31
102810,3301.61
102811,13872.16
102812,1163.19
102813,3558.62
102814,4675.24
102815,12366.15
102816,5811.23
102817,10160.05
102818,15943.02
102819,8371.6
102820,3104.16
102821,24575.81
102822,9223.62
102823,9099.33
102824,4153.51
102825,6653.81
102826,7233.44
102827,7073.37
102828,2542.46
102829,7075.34
102830,10954.85
102831,20767.75
102832,6266.03
102833,6801.38
102834,3181.62
102835,16068.69
102836,10739.71
102837,4965.22
102838,9722.57
102839,4529.47
102840,5691.75
102841,2168.42
102842,16047.04
102843,10171.21
102844,16791.34
102845,3844.52
102846,3105.76
102847,4008.08
102848,11424.82
102849,9492.28
102850,2064.14
102851,6231.87
102852,5536.63
102853,2844.99
102854,15876.81
102855,2785.5
102856,14083.26
102857,6274.18
102858,4321.24
102859,8838.52
102860,11973.83
102861,11547.41
102862,15210.25
102863,8395.43
102864,6171.21
102865,14219.34
102866,7165.49
102867,8613.59
102868,18007.69
102869,4365.67
102870,18843.17
102871,5211.68
102872,3537.04
102873,4792.63
102874,9848.42
102875,9011.83
102876,1348.82
102877,9042.29
102878,4640.94
102879,2730.24
102880,8582.66
102881,7048.04
102882,7779.14
102883,2756.01
102884,4877.6
102885,5095.62
102886,3151.27
102887,9932.24
102888,14236.83
102889,16012.67
102890,5480.51
102891,5592.28
102892,5683.5
102893,9452.76
102894,9455.96
102895,8893.89
102896,18093.39
102897,4688.34
102898,12069.1
102899,2679.77
102900,11643.55
102901,2799.1
102902,2539.93
102903,3028.94
102904,7366.92
102905,12116.88
102906,7225.15
102907,6131.21
102908,7354.22
102909,6773.3
102910,4704.81
102911,1731.84
102912,3594.79
102913,6878.84
102914,8367.93
102915,10344.82
102916,10221.05
102917,7950.14
102918,7883.71
102919,10971.48
102920,3303.39
102921,3661.08
102922,2120.72
102923,2706.61
102924,7446.2
102925,4037.21
102926,10670.96
102927,9211.6
102928,4694.64
102929,17908.36
102930,5821.31
102931,3049.96
102932,10679.71
102933,2156.68
102934,4840.62
102935,6419.51
102936,19855.88
102937,17998.31
102938,5907.33
102939,15550.08
102940,6282.45
102941,3106.17
102942,8178.87
102943,4825.55
102944,12213.24
102945,10593.73
102946,6732.5
102947,11040.54
102948,11950.07
102949,5286.3
102950,10103.23
102951,3728.12
102952,5462.03
102953,5936.47
102954,20417.06
102955,6642.64
102956,5567.53
102957,4595.44
102958,10241.23
102959,4594.76
102960,3465.43
102961,5154.94
102962,4411.11
102963,5421.84
102964,2858.79
102965,3140.42
102966,3988.1
102967,8685.81
102968,7735.98
102969,9870.04
102970,12715.35
102971,7665.36
102972,6280.93
102973,7125.95
102974,19789.51
102975,2683.13
102976,5809.75
102977,3000.54
102978,9511.95
102979,5752.71
102980,9154.42
102981,12511.86
102982,10094.96
102983,5134.68
102984,1437.59
102985,5940.24
102986,3531.27
102987,2496.92
102988,3508.19
102989,5377.12
102990,6337.88
102991,6029.81
102992,7243.1
102993,3753.34
102994,3387.29
102995,11348.83
102996,12018.65
102997,34274.35
102998,2614.08
102999,13251.59
103000,3135.37
103001,7692.16
103002,14097.58
103003,9978.85
103004,9805.78
103005,9712.84
103006,25638.35
103007,7941.14
103008,2972.6
103009,8763.57
103010,17058.02
103011,17411.2
103012,4904.94
103013,3681.04
103014,5421.48
103015,10112.7
103016,907.31
103017,935.43
103018,9004.33
103019,9493.19
103020,9213.77
103021,9624.22
103022,1972.06
103023,5255.76
103024,13009.87
103025,13686.96
103026,3593.22
103027,5609.62
103028,1435.38
103029,7965.86
103030,23441.95
103031,5524.0
103032,14039.33
103033,6439.25
103034,7053.74
103035,1399.31
103036,3275.39
103037,16105.01
103038,11745.33
103039,2472.79
103040,7846.27
103041,6442.01
103042,4226.46
103043,14626.15
103044,6060.26
103045,1755.26
103046,10690.89
103047,7132.7
103048,4924.22
103049,12051.23
103050,7384.96
103051,7968.95
103052,4909.2
103053,8763.12
103054,9291.85
103055,7339.84
103056,2809.41
103057,5986.35
103058,11582.07
103059,8898.76
103060,4589.02
103061,6617.87
103062,11920.2
103063,13141.42
103064,4288.76
103065,9790.72
103066,6120.48
103067,4330.5
103068,10066.6
103069,9573.32
103070,3492.95
103071,6104.88
103072,10251.09
103073,11816.78
103074,11483.12
103075,15471.12
103076,7817.33
103077,7667.25
103078,4985.07
103079,4905.68
103080,9762.69
103081,7122.24
103082,7060.25
103083,9307.18
103084,5005.22
103085,5666.73
103086,15467.18
103087,1581.2
103088,9548.52
103089,7556.56
103090,7090.99
103091,3834.73
103092,2615.37
103093,9118.32
103094,6688.09
103095,6507.77
103096,4051.41
103097,7225.41
103098,13852.61
103099,8754.34
103100,1682.34
103101,2076.54
103102,2964.54
103103,5229.13
103104,8679.5
103105,2486.82
103106,5330.77
103107,11743.74
103108,12985.06
103109,2823.09
103110,2753.0
103111,2290.58
103112,8532.62
103113,8387.98
103114,19943.05
103115,8306.64
103116,13273.86
103117,9708.38
103118,4366.77
103119,5940.71
103120,10392.95
103121,2377.93
103122,9472.11
103123,3417.44
103124,12604.36
103125,7089.28
103126,13244.48
103127,9174.03
103128,12228.09
103129,12113.37
103130,8223.78
103131,4652.03
103132,29231.65
103133,5517.42
103134,9041.63
103135,5625.92
103136,11496.3
103137,15340.7
103138,22338.51
103139,4661.24
103140,13818.16
103141,10635.2
103142,7416.08
103143,3621.53
103144,4154.29
103145,9250.29
103146,6534.13
103147,7402.22
103148,8242.99
103149,2193.34
103150,11809.56
103151,9332.05
103152,10644.94
103153,8344.58
103154,7337.93
103155,8004.65
103156,8705.85
103157,10477.29
103158,6039.65
103159,9242.07
103160,8886.26
103161,10251.99
103162,8333.61
103163,8937.01
103164,11563.52
103165,2824.21
103166,3917.04
103167,7385.7
103168,15890.16
103169,9126.46
103170,14815.79
103171,2917.26
103172,7666.96
103173,8383.41
103174,4382.83
103175,8956.37
103176,5948.51
103177,15307.63
103178,12306.94
103179,1685.43
103180,7918.32
103181,9156.85
103182,8674.35
103183,4336.88
103184,8547.05
103185,4519.36
103186,4639.83
103187,1983.33
103188,2303.42
103189,3082.25
103190,5774.14
103191,4773.52
103192,10511.06
103193,3094.83
103194,3514.2
103195,5970.07
103196,9081.61
103197,8393.05
103198,7188.62
103199,5900.21
103200,10292.11
103201,7832.8
103202,11382.17
103203,2719.65
103204,6286.54
103205,10663.65
103206,4554.8
103207,4530.24
103208,12379.84
103209,3610.65
103210,8070.12
103211,1819.56
103212,5769.21
103213,4098.71
103214,6550.53
103215,5368.97
103216,4306.08
103217,5949.45
103218,5592.87
103219,5137.69
103220,6003.46
103221,5967.74
103222,8010.14
103223,4533.08
103224,7965.95
103225,14102.96
103226,3839.01
103227,10666.0
103228,11407.4
103229,4895.69
103230,8516.62
103231,10766.66
103232,1561.4
103233,9358.75
103234,4386.71
103235,994.13
103236,4129.92
103237,12195.13
103238,4374.34
103239,9949.71
103240,15438.68
103241,9941.06
103242,16955.17
103243,13322.11
103244,5247.77
103245,2889.4
103246,7620.12
103247,7946.67
103248,8387.44
103249,20752.47
103250,2805.85
103251,7491.57
103252,8284.66
103253,7301.63
103254,13063.92
103255,4263.78
103256,3876.83
103257,6632.23
103258,4360.28
103259,5260.47
103260,5228.58
103261,6863.67
103262,18426.53
103263,2818.57
103264,23992.66
103265,2382.88
103266,3477.32
103267,11816.87
103268,8285.59
103269,13179.09
103270,9389.0
103271,8379.68
103272,10838.67
103273,6570.18
103274,2202.12
103275,3987.93
103276,7148.67
103277,3715.53
103278,2076.07
103279,7104.13
103280,4094.04
103281,6488.16
103282,6250.75
103283,11213.21
103284,1094.72
103285,6564.52
103286,14150.13
103287,13178.94
103288,15078.87
103289,6100.18
103290,5740.17
103291,9659.59
103292,11180.78
103293,7991.61
103294,18709.1
103295,7919.68
103296,1441.58
103297,8460.85
103298,12425.8
103299,8866.37
103300,7424.11
103301,6628.62
103302,6346.78
103303,3394.58
103304,8675.62
103305,16358.89
103306,12265.73
103307,6007.57
103308,8727.37
103309,1198.07
103310,16743.25
103311,8934.03
103312,5762.95
103313,5856.92
103314,8527.73
103315,7657.41
103316,3331.55
103317,6158.85
103318,9752.07
103319,9405.86
103320,10134.27
103321,8017.57
103322,11202.91
103323,16425.66
103324,9445.12
103325,1800.66
103326,5946.6
103327,4306.61
103328,6649.42
103329,10722.31
103330,9103.62
103331,17781.73
103332,9868.69
103333,2619.12
103334,18321.25
103335,7727.98
103336,13809.3
103337,6450.47
103338,2933.2
103339,19794.14
103340,4865.97
103341,4185.66
103342,8727.03
103343,12797.71
103344,2143.9
103345,7301.35
103346,6743.83
103347,12338.23
103348,5846.78
103349,8519.85
103350,8263.37
103351,2739.71
103352,17661.23
103353,6152.93
103354,5276.83
103355,5984.89
103356,18160.15
103357,8098.29
103358,6417.24
103359,6359.93
103360,13913.85
103361,1694.8
103362,9755.94
103363,4610.2
103364,3472.32
103365,5762.09
103366,11467.8
103367,8665.08
103368,7370.98
103369,8795.17
103370,2072.64
103371,5477.63
103372,10130.46
103373,1762.03
103374,6611.68
103375,3640.34
103376,4323.51
103377,11569.38
103378,16626.39
103379,13578.07
103380,10063.3
103381,4895.0
103382,2249.69
103383,8356.0
103384,6160.94
103385,12322.08
103386,6848.76
103387,5734.53
103388,3132.5
103389,23762.28
103390,5783.68
103391,3035.33
103392,4585.08
103393,4144.5
103394,12857.15
103395,11826.21
103396,2419.28
103397,17806.57
103398,3760.59
103399,3214.85
103400,10422.75
103401,11480.69
103402,12881.26
103403,8345.77
103404,4071.9
103405,2505.96
103406,9245.2
103407,8880.37
103408,5848.25
103409,839.76
103410,5392.12
103411,2952.43
103412,7397.17
103413,11996.54
103414,5440.73
103415,7546.38
103416,18944.83
103417,11595.89
103418,8804.02
103419,1259.44
103420,5791.9
103421,6047.96
103422,19073.43
103423,15152.99
103424,7839.39
103425,11443.69
103426,6128.24
103427,10744.72
103428,6171.44
103429,5301.99
103430,17643.52
103431,5951.6
103432,2818.78
103433,3840.56
103434,9530.05
103435,11604.25
103436,3841.81
103437,7844.59
103438,14879.13
103439,9094.13
103440,4719.6
103441,10869.92
103442,5752.76
103443,5882.17
103444,7231.98
103445,8408.91
103446,10726.31
103447,2936.39
103448,12490.77
103449,9974.14
103450,7787.63
103451,11101.06
103452,6602.37
103453,2652.1
103454,20087.44
103455,8153.35
103456,8579.29
103457,4287.02
103458,2758.53
103459,5172.91
103460,7435.93
103461,13054.22
103462,776.12
103463,1907.4
103464,12094.76
103465,12618.72
103466,4241.36
103467,11370.23
103468,2973.23
103469,4638.13
103470,8548.67
103471,12216.08
103472,3839.33
103473,9114.46
103474,5845.66
103475,1033.3
103476,4021.09
103477,17228.45
103478,12313.27
103479,6970.78
103480,11452.22
103481,3443.05
103482,13604.5
103483,7112.42
103484,10734.88
103485,8652.92
103486,8487.47
103487,8894.54
103488,4034.14
103489,4030.61
103490,10730.18
103491,9357.25
103492,2910.16
103493,1839.95
103494,10126.07
103495,6124.94
103496,3083.98
103497,7807.71
103498,17493.24
103499,6936.8
103500,8298.86
103501,6390.52
103502,9634.94
103503,13926.56
103504,7185.26
103505,9132.42
103506,10245.21
103507,10535.83
103508,17323.66
103509,6546.44
103510,9823.38
103511,13855.99
103512,8968.49
103513,20833.97
103514,5131.83
103515,8688.37
103516,15285.85
103517,5922.25
103518,9869.53
103519,8335.77
103520,4983.76
103521,5773.82
103522,2795.17
103523,9336.56
103524,4848.75
103525,9696.86
103526,9036.15
103527,4982.16
103528,2604.45
103529,5699.41
103530,8049.8
103531,8671.4
103532,2433.8
103533,7200.01
103534,6428.27
103535,3384.07
103536,7409.95
103537,12631.02
103538,4542.04
103539,16448.95
103540,6780.6
103541,6906.64
103542,4420.41
103543,2697.0
103544,6844.85
103545,2094.34
103546,17931.87
103547,3285.99
103548,7147.64
103549,3694.69
103550,7445.63
103551,5619.31
103552,4490.22
103553,3978.37
103554,2894.35
103555,6739.37
103556,5849.91
103557,14992.43
103558,13637.37
103559,9787.89
103560,7425.24
103561,5900.16
103562,7599.81
103563,4536.01
103564,19760.71
103565,20474.17
103566,6315.93
103567,3169.6
103568,3741.61
103569,1802.73
103570,14764.54
103571,8106.77
103572,9012.93
103573,11994.07
103574,14807.25
103575,7737.82
103576,7385.45
103577,12245.83
103578,2234.11
103579,9657.55
103580,9179.82
103581,11074.67
103582,4333.32
103583,3719.02
103584,4212.49
103585,17067.83
103586,13600.9
103587,7835.29
103588,6149.93
103589,9878.12
103590,10925.98
103591,8434.51
103592,4543.79
103593,6432.35
103594,9628.32
103595,6009.38
103596,6580.94
103597,3658.62
103598,7254.86
103599,1854.08
103600,8597.43
103601,9735.54
103602,4395.12
103603,7586.02
103604,22008.46
103605,4019.11
103606,19558.2
103607,499.91
103608,3313.72
103609,16184.49
103610,2114.3
103611,15091.3
103612,5816.57
103613,11402.69
103614,5169.56
103615,14555.84
103616,8212.84
103617,12347.11
103618,7466.12
103619,1844.49
103620,3470.23
103621,5009.15
103622,5520.17
103623,4107.78
103624,1867.76
103625,6285.1
103626,9948.97
103627,5647.48
103628,10432.8
103629,7651.34
103630,8681.92
103631,6648.21
103632,9126.92
103633,10139.49
103634,5068.34
103635,12485.28
103636,5764.95
103637,8403.41
103638,6956.77
103639,8570.62
103640,5275.46
103641,12392.9
103642,4712.56
103643,9801.97
103644,9949.61
103645,10574.71
103646,8135.79
103647,4875.38
103648,2585.91
103649,1175.37
103650,16981.32
103651,11751.81
103652,10480.94
103653,2884.49
103654,3046.64
103655,4738.57
103656,5184.9
103657,11136.48
103658,3243.42
103659,6381.36
103660,4046.35
103661,9609.06
103662,8385.81
103663,11274.16
103664,9058.96
103665,12956.8
103666,7648.05
103667,5042.42
103668,7080.22
103669,2506.39
103670,2342.22
103671,10514.89
103672,3227.14
103673,4862.03
103674,16622.59
103675,10406.1
103676,2656.54
103677,17558.53
103678,3735.69
103679,13509.5
103680,1892.83
103681,12525.5
103682,6342.22
103683,14959.6
103684,8541.2
103685,5694.77
103686,3189.12
103687,14289.12
103688,7701.73
103689,5972.98
103690,7856.77
103691,15230.16
103692,6266.45
103693,25093.77
103694,7110.27
103695,12427.42
103696,8316.47
103697,12056.99
103698,10555.74
103699,7553.69
103700,4377.93
103701,10253.89
103702,13247.47
103703,3314.25
103704,3599.62
103705,14141.77
103706,1918.06
103707,8585.34
103708,5649.08
103709,7224.68
103710,9500.46
103711,13882.44
103712,6731.18
103713,10668.78
103714,3597.85
103715,3979.21
103716,16360.64
103717,5353.07
103718,7685.74
103719,6619.87
103720,8368.06
103721,12183.26
103722,11827.16
103723,12444.69
103724,16665.72
103725,5521.69
103726,9934.84
103727,6662.29
103728,5383.16
103729,7237.61
103730,3814.76
103731,4609.03
103732,4094.28
103733,12221.04
103734,8623.12
103735,4298.99
103736,13593.5
103737,7555.02
103738,11169.68
103739,4060.16
103740,5311.52
103741,8275.05
103742,5325.76
103743,7312.93
103744,4656.2
103745,4512.56
103746,4805.9
103747,1974.93
103748,3502.58
103749,7977.18
103750,11790.76
103751,9345.33
103752,8775.26
103753,17592.8
103754,7705.28
103755,13495.5
103756,13350.53
103757,9214.21
103758,11963.8
103759,13623.26
103760,9636.63
103761,7370.61
103762,3977.87
103763,640.65
103764,6600.81
103765,5921.93
103766,1938.88
103767,10370.99
103768,4462.68
103769,8728.34
103770,8940.95
103771,3291.58
103772,5958.52
103773,1101.63
103774,2265.06
103775,6487.87
103776,4283.42
103777,7095.5
103778,3388.39
103779,12604.05
103780,2967.99
103781,2917.26
103782,12174.86
103783,10413.25
103784,15744.43
103785,8723.08
103786,6766.65
103787,9182.72
103788,8900.45
103789,14389.55
103790,22397.92
103791,1981.54
103792,13738.52
103793,9431.32
103794,1772.82
103795,6421.19
103796,10305.84
103797,8380.99
103798,4555.1
103799,8326.23
103800,11019.34
103801,6989.76
103802,3575.88
103803,1789.23
103804,7002.56
103805,12076.62
103806,2416.66
103807,7736.9
103808,2361.71
103809,12363.28
103810,14810.25
103811,17403.43
103812,3720.26
103813,5370.44
103814,6136.21
103815,1641.29
103816,3545.78
103817,12823.67
103818,9300.74
103819,5497.26
103820,10380.48
103821,13669.46
103822,13105.38
103823,5150.3
103824,3083.38
103825,12072.61
103826,6112.87
103827,7842.31
103828,3441.75
103829,17579.98
103830,4896.65
103831,11630.38
103832,5764.03
103833,1664.01
103834,6551.15
103835,11119.58
103836,12360.1
103837,9651.1
103838,5837.88
103839,8581.08
103840,4709.07
103841,3698.23
103842,8067.65
103843,9331.95
103844,8723.49
103845,14867.34
103846,2754.65
103847,2869.33
103848,14402.89
103849,4780.67
103850,8562.69
103851,11818.62
103852,7294.17
103853,5348.59
103854,3579.66
103855,16104.43
103856,4776.14
103857,5455.84
103858,7419.39
103859,8171.61
103860,2889.36
103861,10811.49
103862,5489.58
103863,9561.18
103864,21867.32
103865,4407.77
103866,5419.0
103867,5511.23
103868,8264.39
103869,15342.23
103870,8564.96
103871,5756.48
103872,3909.01
103873,3321.43
103874,6530.28
103875,17384.24
103876,2344.14
103877,7251.66
103878,5247.72
103879,2743.46
103880,7528.46
103881,2495.65
103882,5504.75
103883,9626.63
103884,13569.77
103885,14222.99
103886,5501.75
103887,11271.66
103888,5572.33
103889,3708.3
103890,16670.03
103891,2457.88
103892,11091.18
103893,4670.74
103894,8095.14
103895,11265.12
103896,8858.96
103897,7629.01
103898,856.51
103899,7202.72
103900,5417.03
103901,5750.47
103902,2734.93
103903,323.58
103904,2390.33
103905,10147.91
103906,8098.41
103907,11304.27
103908,5667.09
103909,4772.7
103910,3732.28
103911,17173.03
103912,8393.25
103913,3207.93
103914,3118.21
103915,5412.74
103916,3113.8
103917,3320.16
103918,9378.37
103919,8767.37
103920,4745.08
103921,4043.9
103922,4836.11
103923,11208.95
103924,4949.83
103925,11287.82
103926,2837.12
103927,2456.93
103928,10370.99
103929,6790.83
103930,10341.78
103931,10593.09
103932,7338.69
103933,2783.34
103934,9840.01
103935,12020.61
103936,12264.56
103937,5055.36
103938,4736.71
103939,6345.42
103940,7139.63
103941,1062.76
103942,4994.39
103943,7593.22
103944,975.04
103945,2598.28
103946,5723.62
103947,18625.35
103948,3591.81
103949,6240.66
103950,22989.63
103951,3008.51
103952,3077.0
103953,2987.92
103954,8539.05
103955,4562.03
103956,4688.94
103957,4517.38
103958,10843.85
103959,7728.16
103960,2623.78
103961,6903.1
103962,7371.99
103963,4202.35
103964,3796.03
103965,8016.41
103966,23146.05
103967,8459.62
103968,1823.79
103969,1305.41
103970,5074.71
103971,6230.1
103972,3602.8
103973,10134.14
103974,21240.69
103975,8062.19
103976,6969.24
103977,6150.99
103978,3227.09
103979,11646.9
103980,20081.18
103981,10413.54
103982,6966.22
103983,8833.7
103984,3482.36
103985,15288.48
103986,3874.24
103987,3464.69
103988,5476.23
103989,4211.28
103990,4422.37
103991,9426.19
103992,6272.3
103993,14952.68
103994,4037.76
103995,5746.06
103996,11176.05
103997,8103.74
103998,5488.21
103999,5142.45
104000,3532.28
104001,6016.49
104002,3845.45
104003,3823.18
104004,2363.55
104005,7139.54
104006,3906.94
104007,8583.79
104008,7522.39
104009,2120.42
104010,6238.64
104011,14362.2
104012,2912.97
104013,13359.78
104014,10176.33
104015,2816.48
104016,3229.61
104017,9999.36
104018,3579.24
104019,14862.93
104020,8706.46
104021,7196.45
104022,13760.07
104023,6976.96
104024,4585.29
104025,2834.3
104026,4207.68
104027,11934.0
104028,3841.06
104029,1803.83
104030,7031.14
104031,5652.3
104032,5096.87
104033,8017.64
104034,5374.98
104035,4545.29
104036,7676.36
104037,2397.58
104038,3165.95
104039,5781.42
104040,22264.69
104041,9504.53
104042,12287.28
104043,14814.92
104044,3577.04
104045,2032.09
104046,17096.23
104047,5257.99
104048,9684.06
104049,6110.39
104050,4105.08
104051,4531.05
104052,6143.08
104053,20389.64
104054,4805.36
104055,14285.51
104056,4611.77
104057,5321.17
104058,9535.57
104059,7270.73
104060,4845.7
104061,6575.5
104062,6519.37
104063,3367.95
104064,4928.45
104065,1863.51
104066,9229.83
104067,4676.88
104068,7608.04
104069,4321.71
104070,4464.34
104071,8594.86
104072,1073.08
104073,16942.99
104074,10548.73
104075,1106.84
104076,9417.06
104077,30153.64
104078,12027.58
104079,4155.66
104080,10007.8
104081,7460.83
104082,2133.25
104083,3697.72
104084,1773.94
104085,4480.38
104086,6719.71
104087,6858.24
104088,1594.74
104089,16452.9
104090,437.23
104091,12850.97
104092,5287.06
104093,4488.4
104094,10396.16
104095,9010.33
104096,2609.35
104097,6077.77
104098,3134.85
104099,1827.85
104100,20577.21
104101,5082.8
104102,7533.79
104103,5944.85
104104,2026.27
104105,6255.76
104106,9022.71
104107,9163.1
104108,5137.11
104109,11886.3
104110,11538.53
104111,6924.89
104112,784.59
104113,9687.45
104114,10649.64
104115,8940.2
104116,7579.1
104117,2436.97
104118,5529.33
104119,7238.75
104120,7482.94
104121,9366.57
104122,10941.78
104123,14050.56
104124,3039.56
104125,5863.3
104126,6064.17
104127,2035.59
104128,5887.47
104129,4689.52
104130,6082.48
104131,8337.68
104132,6273.36
104133,4198.44
104134,3866.48
104135,7012.44
104136,6434.19
104137,10439.34
104138,11336.97
104139,8009.68
104140,8880.64
104141,2266.72
104142,6088.57
104143,5626.74
104144,7758.82
104145,3056.87
104146,5457.47
104147,8605.38
104148,5475.07
104149,7762.04
104150,6188.69
104151,10617.54
104152,7809.5
104153,3671.36
104154,19355.02
104155,12911.08
104156,5587.25
104157,4324.54
104158,3623.29
104159,7305.28
104160,7739.47
104161,10534.25
104162,18030.34
104163,1162.65
104164,9410.08
104165,10290.71
104166,2478.94
104167,7216.95
104168,8249.96
104169,11296.05
104170,3045.29
104171,11683.92
104172,13068.12
104173,13904.89
104174,9321.41
104175,3277.36
104176,9107.08
104177,4344.42
104178,3909.66
104179,10842.29
104180,6601.03
104181,3473.91
104182,4411.24
104183,7154.1
104184,3972.74
104185,9654.84
104186,6634.71
104187,10493.97
104188,7027.44
104189,6457.56
104190,3962.71
104191,4981.98
104192,9898.1
104193,12673.36
104194,9045.89
104195,10416.09
104196,2739.07
104197,3188.01
104198,18442.87
104199,3494.84
104200,5882.85
104201,4635.11
104202,8052.59
104203,8435.68
104204,1206.77
104205,18330.63
104206,2291.32
104207,4142.87
104208,4945.54
104209,3248.98
104210,4907.8
104211,4914.25
104212,7490.61
104213,1478.62
104214,12584.95
104215,15780.26
104216,9953.81
104217,18809.17
104218,2202.7
104219,5505.23
104220,13595.17
104221,6099.04
104222,9463.9
104223,5477.45
104224,2737.95
104225,3481.12
104226,2139.47
104227,7023.08
104228,11867.81
104229,5573.62
104230,3550.53
104231,5812.18
104232,2627.8
104233,14609.45
104234,7475.72
104235,4005.01
104236,9270.08
104237,7264.21
104238,5403.24
104239,1970.35
104240,8669.13
104241,14381.16
104242,4346.18
104243,5369.37
104244,10224.28
104245,12238.51
104246,6477.77
104247,10539.89
104248,8453.5
104249,4659.09
104250,1905.01
104251,6304.0
104252,11630.3
104253,14116.32
104254,10926.53
104255,4277.16
104256,5659.84
104257,1939.58
104258,7836.93
104259,10851.83
104260,8604.5
104261,18203.44
104262,3041.3
104263,7151.96
104264,5190.79
104265,9151.87
104266,10358.7
104267,9676.78
104268,6528.68
104269,6037.82
104270,5323.95
104271,8490.91
104272,1870.19
104273,6617.09
104274,4014.76
104275,8208.41
104276,12952.35
104277,2771.21
104278,6698.17
104279,13486.4
104280,1810.87
104281,14779.87
104282,3870.2
104283,11566.01
104284,2155.71
104285,7331.93
104286,2551.38
104287,1774.09
104288,7929.87
104289,8927.81
104290,1066.44
104291,7705.74
104292,7621.07
104293,3239.2
104294,10781.23
104295,9202.88
104296,17985.23
104297,5314.24
104298,3241.73
104299,10672.37
104300,2854.83
104301,7036.08
104302,5415.2
104303,17046.68
104304,1262.75
104305,5434.93
104306,1941.37
104307,5983.14
104308,7754.81
104309,5690.05
104310,3146.89
104311,7665.27
104312,6712.29
104313,5085.54
104314,7980.3
104315,5140.69
104316,1834.94
104317,8517.95
104318,12212.18
104319,4916.38
104320,20500.27
104321,1965.12
104322,8201.38
104323,3871.23
104324,3083.1
104325,7890.41
104326,8501.14
104327,9246.31
104328,7099.27
104329,4775.78
104330,12754.99
104331,8538.87
104332,5198.37
104333,26685.45
104334,207.26
104335,2674.56
104336,1797.51
104337,5690.39
104338,8655.85
104339,10624.55
104340,8463.7
104341,3440.62
104342,5004.08
104343,5083.82
104344,6327.48
104345,29554.83
104346,15901.75
104347,4154.59
104348,5075.92
104349,12646.1
104350,8454.9
104351,11482.99
104352,14202.53
104353,574.92
104354,3924.96
104355,15631.61
104356,5962.12
104357,4231.24
104358,2502.91
104359,7019.51
104360,2371.75
104361,3824.18
104362,3092.19
104363,10887.27
104364,4972.63
104365,13261.64
104366,4502.88
104367,5840.93
104368,10794.92
104369,3537.58
104370,12401.95
104371,4643.25
104372,6538.24
104373,9635.23
104374,11653.11
104375,9128.95
104376,9148.6
104377,12386.13
104378,12588.58
104379,3687.37
104380,2230.13
104381,7061.72
104382,12721.53
104383,9694.3
104384,5199.47
104385,4797.61
104386,15328.63
104387,3500.06
104388,1958.87
104389,2598.24
104390,3829.06
104391,9202.88
104392,6547.15
104393,9830.82
104394,8342.09
104395,8273.75
104396,3447.13
104397,3606.07
104398,13654.75
104399,5630.09
104400,13755.33
104401,7301.74
104402,5953.89
104403,7534.11
104404,17569.81
104405,4305.74
104406,6871.04
104407,5697.2
104408,3912.32
104409,7192.13
104410,4951.85
104411,5017.03
104412,5885.34
104413,7218.12
104414,11518.38
104415,17645.05
104416,6191.73
104417,8837.82
104418,8006.67
104419,12400.99
104420,4269.27
104421,3890.14
104422,5419.53
104423,8704.71
104424,10657.66
104425,3388.73
104426,13179.71
104427,1274.93
104428,1539.74
104429,6621.23
104430,7133.93
104431,1784.93
104432,4068.81
104433,14641.62
104434,5517.55
104435,7184.52
104436,14279.2
104437,3910.27
104438,4146.4
104439,4292.23
104440,6336.2
104441,1572.7
104442,15752.23
104443,10394.53
104444,7529.9
104445,5767.68
104446,1677.74
104447,14239.47
104448,9405.39
104449,2291.68
104450,13431.94
104451,1942.52
104452,7981.21
104453,2264.89
104454,7447.98
104455,11298.91
104456,2305.16
104457,6912.82
104458,5624.67
104459,1425.19
104460,7109.79
104461,20748.29
104462,776.79
104463,1503.78
104464,3828.3
104465,4831.54
104466,11731.45
104467,6998.37
104468,2236.49
104469,10093.93
104470,3317.62
104471,12190.83
104472,8034.19
104473,10111.35
104474,6415.11
104475,3889.33
104476,1818.16
104477,12111.64
104478,17349.77
104479,9624.59
104480,5868.06
104481,4187.44
104482,6199.16
104483,3863.82
104484,1630.8
104485,5393.45
104486,14758.08
104487,13343.27
104488,9158.67
104489,7093.02
104490,8861.41
104491,2010.87
104492,1883.01
104493,7839.06
104494,14311.18
104495,3442.02
104496,7260.64
104497,9025.61
104498,4298.16
104499,9914.47
104500,7998.14
104501,1380.69
104502,2998.9
104503,11634.67
104504,8093.54
104505,20786.77
104506,4651.36
104507,4695.1
104508,11308.19
104509,3411.0
104510,6891.52
104511,3069.85
104512,8415.96
104513,9366.93
104514,1115.61
104515,3162.51
104516,12510.72
104517,6434.78
104518,12010.3
104519,8340.38
104520,3614.88
104521,4983.4
104522,6622.14
104523,7334.43
104524,1366.11
104525,5248.07
104526,3960.57
104527,4475.84
104528,3544.72
104529,7119.43
104530,8051.41
104531,4684.2
104532,2357.54
104533,11240.0
104534,2925.35
104535,5939.64
104536,4396.88
104537,7435.23
104538,5680.93
104539,3924.22
104540,2897.64
104541,2418.75
104542,7554.79
104543,8160.27
104544,6821.67
104545,6871.16
104546,13226.51
104547,22721.92
104548,2882.83
104549,11982.97
104550,9892.68
104551,3847.72
104552,4701.58
104553,1734.04
104554,6085.96
104555,8582.43
104556,15442.14
104557,8443.09
104558,7287.95
104559,10820.48
104560,4744.49
104561,2714.07
104562,21804.68
104563,8420.3
104564,1745.62
104565,6585.53
104566,9639.73
104567,3604.01
104568,12288.56
104569,4374.6
104570,8269.1
104571,6416.2
104572,5028.94
104573,4957.39
104574,13907.14
104575,6318.94
104576,5792.37
104577,12298.72
104578,3213.29
104579,3648.92
104580,9593.15
104581,2744.93
104582,4986.88
104583,8285.65
104584,12476.08
104585,8124.59
104586,13708.66
104587,11491.17
104588,6116.29
104589,16583.45
104590,3489.7
104591,2761.61
104592,2799.72
104593,2449.51
104594,9861.71
104595,12085.73
104596,4851.71
104597,5746.46
104598,12007.07
104599,10021.11
104600,3746.7
104601,2650.18
104602,10202.96
104603,5253.05
104604,6639.92
104605,8639.88
104606,1208.65
104607,18189.28
104608,11149.78
104609,9676.67
104610,4751.48
104611,12507.28
104612,3133.3
104613,3661.18
104614,5849.25
104615,3416.29
104616,3742.31
104617,21707.23
104618,2177.15
104619,5164.42
104620,2781.61
104621,7396.87
104622,5602.74
104623,6536.18
104624,8029.84
104625,484.01
104626,16154.77
104627,13515.64
104628,12038.34
104629,11790.5
104630,7908.27
104631,5900.28
104632,2411.29
104633,4275.18
104634,7878.94
104635,3676.81
104636,6240.14
104637,2961.03
104638,11961.71
104639,5645.42
104640,6842.31
104641,4378.14
104642,6479.96
104643,6267.88
104644,8346.23
104645,5661.49
104646,5353.05
104647,2209.28
104648,9135.57
104649,2678.93
104650,7709.49
104651,7907.07
104652,12595.59
104653,2313.35
104654,18743.82
104655,2371.18
104656,2507.34
104657,23077.36
104658,10406.7
104659,8047.93
104660,3591.85
104661,3020.61
104662,6346.78
104663,6147.95
104664,15380.33
104665,1761.24
104666,4873.88
104667,5875.25
104668,10068.25
104669,7627.22
104670,6462.9
104671,4208.92
104672,12633.53
104673,5909.29
104674,3122.1
104675,3231.65
104676,4357.5
104677,4830.83
104678,6732.84
104679,2231.57
104680,8893.68
104681,7794.43
104682,2395.86
104683,8857.97
104684,9409.37
104685,5481.98
104686,9410.3
104687,1071.38
104688,3638.33
104689,12902.75
104690,9424.02
104691,8385.74
104692,8524.33
104693,3491.92
104694,4945.16
104695,10913.26
104696,2564.04
104697,7302.22
104698,12258.42
104699,3210.93
104700,9318.45
104701,5241.36
104702,11292.04
104703,6770.17
104704,5061.74
104705,2718.98
104706,5004.23
104707,16325.41
104708,5135.2
104709,7065.23
104710,12079.13
104711,10297.22
104712,3026.33
104713,27794.67
104714,6844.3
104715,3972.96
104716,16535.88
104717,3206.47
104718,6227.44
104719,9244.98
104720,7233.59
104721,1576.57
104722,4866.64
104723,7815.8
104724,2795.91
104725,7267.37
104726,8087.93
104727,3835.27
104728,8883.66
104729,7288.32
104730,5665.5
104731,4235.24
104732,9644.18
104733,16438.29
104734,6638.7
104735,13756.47
104736,14020.23
104737,5768.01
104738,9791.83
104739,3211.46
104740,8540.83
104741,11736.54
104742,14759.58
104743,6680.66
104744,746.73
104745,1966.1
104746,6856.37
104747,5736.19
104748,6903.17
104749,3811.3
104750,4424.52
104751,12521.34
104752,9278.13
104753,6918.34
104754,5976.36
104755,2483.78
104756,6406.49
104757,9488.92
104758,1899.54
104759,11017.05
104760,6469.91
104761,11052.07
104762,7464.44
104763,9974.27
104764,9562.32
104765,3302.65
104766,3882.35
104767,2478.85
104768,11009.39
104769,2260.18
104770,4687.28
104771,10025.04
104772,7978.92
104773,4638.92
104774,16443.49
104775,4180.12
104776,4623.25
104777,4878.12
104778,8843.6
104779,6937.59
104780,2485.26
104781,2732.12
104782,17469.82
104783,2828.7
104784,6185.44
104785,3913.35
104786,1953.74
104787,16643.97
104788,8801.18
104789,7397.13
104790,16623.21
104791,11612.09
104792,5140.3
104793,4207.32
104794,4418.48
104795,7302.54
104796,6121.57
104797,5703.08
104798,8351.22
104799,13201.84
104800,8100.17
104801,4671.49
104802,7146.72
104803,6558.73
104804,4842.55
104805,2422.3
104806,6401.77
104807,6628.84
104808,3419.08
104809,7081.5
104810,7670.26
104811,6824.23
104812,8392.94
104813,8953.95
104814,2616.98
104815,4992.0
104816,10119.27
104817,10346.66
104818,6526.12
104819,10138.75
104820,8315.77
104821,10917.69
104822,6870.54
104823,4944.16
104824,17313.14
104825,6609.58
104826,20019.21
104827,5148.18
104828,12433.59
104829,5229.25
104830,959.09
104831,3492.49
104832,11197.49
104833,7912.17
104834,2059.57
104835,6745.9
104836,9525.05
104837,9073.96
104838,4293.75
104839,13250.14
104840,6057.32
104841,3128.28
104842,4330.88
104843,6281.49
104844,3316.83
104845,15307.92
104846,11106.16
104847,11293.06
104848,4943.74
104849,6688.48
104850,10657.74
104851,4159.14
104852,6892.97
104853,12413.36
104854,11263.16
104855,7150.25
104856,5219.13
104857,7919.84
104858,2780.33
104859,10974.92
104860,8841.62
104861,11262.56
104862,5012.24
104863,2413.14
104864,5125.39
104865,10420.64
104866,13846.77
104867,7736.27
104868,5239.48
104869,4140.21
104870,10311.14
104871,2935.94
104872,15284.62
104873,10496.35
104874,5161.53
104875,8998.62
104876,9442.19
104877,9734.62
104878,3975.02
104879,2553.85
104880,14915.92
104881,12206.3
104882,11241.37
104883,3439.28
104884,8931.66
104885,17255.58
104886,6253.55
104887,1933.8
104888,3380.07
104889,8744.06
104890,6609.24
104891,5989.83
104892,4094.9
104893,17296.81
104894,4076.8
104895,6797.32
104896,6900.0
104897,4947.2
104898,4509.14
104899,4459.45
104900,3486.68
104901,12015.39
104902,4974.69
104903,15504.12
104904,5350.72
104905,3100.55
104906,9131.18
104907,9596.2
104908,6042.22
104909,10372.89
104910,13002.27
104911,12359.94
104912,5945.2
104913,5743.23
104914,5680.51
104915,5150.16
104916,3916.07
104917,4288.83
104918,3462.07
104919,6052.14
104920,4184.05
104921,7962.45
104922,15766.32
104923,11058.53
104924,10224.71
104925,6219.3
104926,7313.63
104927,4678.02
104928,889.29
104929,4537.55
104930,7085.98
104931,2127.59
104932,13309.49
104933,6714.24
104934,15166.81
104935,10500.48
104936,10374.81
104937,10315.82
104938,4192.11
104939,8710.4
104940,7709.33
104941,17069.81
104942,7456.72
104943,6912.7
104944,3659.64
104945,5556.46
104946,12099.4
104947,6098.03
104948,6046.11
104949,2396.39
104950,6299.71
104951,20240.16
104952,6348.96
104953,6917.64
104954,6672.91
104955,8633.91
104956,11255.5
104957,8695.73
104958,5197.3
104959,4688.52
104960,5180.93
104961,3995.83
104962,5057.81
104963,14337.16
104964,7183.29
104965,4011.31
104966,6560.85
104967,5319.7
104968,14078.06
104969,10021.1
104970,5278.33
104971,6578.1
104972,8428.77
104973,4599.83
104974,12704.85
104975,819.64
104976,6851.48
104977,12008.12
104978,4015.94
104979,7265.14
104980,4361.93
104981,3160.86
104982,12635.27
104983,3453.61
104984,14117.89
104985,6800.53
104986,15779.5
104987,12224.49
104988,10865.54
104989,5211.92
104990,9657.79
104991,18532.73
104992,5724.41
104993,3520.58
104994,13186.91
104995,4496.81
104996,5136.08
104997,19755.66
104998,1186.39
104999,3680.27
105000,18378.75
